patient_id,os_months,os_event,pfs_months,pfs_event,age,sex,stage,treatment,smoking_status,biomarker_score,immune_index
PT-0001,38.01,0,0.33,1,64.6,Female,I,Combination,Never,-0.311,1.362
PT-0002,24.05,1,21.31,1,50.9,Female,III,Standard,Never,-0.451,0.488
PT-0003,21.83,0,10.63,1,69.2,Male,II,Standard,Never,0.072,2.504
PT-0004,3.29,1,1.95,1,71.1,Female,II,Combination,Former,-1.295,0.06
PT-0005,43.52,1,31.58,1,41.6,Female,II,Combination,Current,1.706,0.692
PT-0006,25.27,1,1.31,1,48.2,Male,II,Standard,Never,1.12,-0.319
PT-0007,16.11,0,8.09,1,62.8,Male,I,Standard,Current,0.297,0.084
PT-0008,41.14,1,19.56,1,58.3,Male,I,Standard,Former,-1.347,0.624
PT-0009,15.9,1,18.08,1,61.3,Male,IV,Combination,Never,0.211,1.162
PT-0010,48.71,0,48.71,0,52.8,Male,I,Combination,Never,-1.121,0.687
PT-0011,1.25,1,2.32,1,70.5,Female,III,Standard,,1.462,1.533
PT-0012,17.6,1,5.85,1,69.4,Male,III,Combination,Former,0.809,0.315
PT-0013,11.05,1,22.88,1,62.2,Male,II,Standard,Former,0.095,0.101
PT-0014,38.43,0,38.43,0,73.0,Male,II,Standard,Never,-2.436,2.834
PT-0015,41.67,0,5.33,1,66.3,Female,III,Combination,Former,-0.983,0.755
PT-0016,10.21,1,15.24,1,52.7,Male,IV,Standard,Never,0.688,-0.248
PT-0017,13.84,0,2.18,1,65.3,Male,II,Standard,Current,1.213,-0.225
PT-0018,13.12,1,0.02,1,51.7,Female,II,Standard,Never,1.109,-0.448
PT-0019,9.18,0,9.18,0,70.5,Male,II,Combination,,-1.592,1.243
PT-0020,8.03,1,18.5,1,61.0,Male,III,Combination,Former,0.302,0.072
PT-0021,13.12,0,4.24,1,59.6,Female,III,Combination,Former,1.016,0.515
PT-0022,19.4,0,19.4,0,54.6,Male,II,Standard,Former,-1.658,0.343
PT-0023,21.44,1,7.64,1,74.0,Male,II,Standard,Former,-0.008,1.058
PT-0024,32.6,1,2.8,1,59.9,Female,IV,Combination,Current,0.274,-0.362
PT-0025,34.37,0,12.49,1,57.1,Male,I,Standard,Former,-0.301,-0.568
PT-0026,12.86,0,12.86,0,57.9,Male,III,Combination,Former,-1.852,0.602
PT-0027,0.54,1,8.73,1,66.9,Female,III,Combination,Never,-0.326,0.941
PT-0028,29.93,0,15.24,1,65.2,Male,I,Standard,Never,-0.327,0.699
PT-0029,24.29,1,33.44,1,65.7,Male,I,Combination,Former,-0.148,-0.329
PT-0030,19.68,1,21.95,1,65.9,Female,I,Standard,Never,-0.563,1.01
PT-0031,2.46,1,0.74,1,83.3,Male,IV,Standard,Former,-0.443,-0.269
PT-0032,33.94,1,14.68,1,57.4,Male,I,Combination,Never,-0.04,-0.069
PT-0033,11.66,1,8.52,1,56.3,Female,II,Standard,Current,0.442,-0.45
PT-0034,32.91,1,54.82,1,53.2,Male,I,Combination,Former,-0.304,1.571
PT-0035,11.16,1,39.3,0,67.8,Female,I,Combination,Current,-0.41,0.97
PT-0036,35.09,1,14.98,1,73.0,Male,III,Combination,Former,0.092,0.944
PT-0037,8.72,0,8.72,0,60.3,Male,II,Combination,Never,-1.921,1.522
PT-0038,67.65,1,0.36,1,52.9,Male,III,Standard,Current,0.477,2.931
PT-0039,4.89,1,14.29,1,53.1,Female,III,Standard,Former,-0.001,
PT-0040,23.52,1,1.44,1,68.1,Male,IV,Combination,Current,0.04,-0.265
PT-0041,42.07,1,24.23,1,69.1,Female,I,Combination,,0.961,-0.155
PT-0042,53.71,0,19.5,1,67.0,Female,IV,Standard,Former,-1.953,-0.366
PT-0043,10.08,0,10.08,0,54.7,Female,III,Standard,Current,-1.974,-0.57
PT-0044,11.02,0,11.02,0,63.9,Male,II,Standard,Former,0.274,0.13
PT-0045,8.66,0,2.86,1,62.7,Female,III,Standard,Never,-0.007,-0.695
PT-0046,13.86,1,0.56,1,63.7,Male,IV,Combination,Former,0.17,0.702
PT-0047,11.65,0,2.95,1,70.4,Male,II,Standard,Former,-0.462,0.447
PT-0048,4.91,1,10.14,1,63.8,Female,IV,Combination,Current,0.664,0.833
PT-0049,5.45,1,4.55,1,68.4,Female,II,Combination,Never,0.933,0.857
PT-0050,14.15,1,25.53,1,62.2,Female,III,Combination,Never,0.484,0.943
PT-0051,19.58,1,0.73,1,64.4,Male,IV,Standard,Current,-0.261,
PT-0052,25.97,0,25.97,0,67.9,Male,II,Standard,Former,-2.108,2.309
PT-0053,3.33,1,10.1,1,46.6,Female,IV,Combination,Former,0.769,0.611
PT-0054,34.06,1,13.63,1,58.2,Male,II,Combination,Former,1.222,-1.276
PT-0055,13.62,0,13.62,0,56.7,Female,III,Standard,Never,0.645,-0.502
PT-0056,3.34,1,12.56,0,55.0,Male,III,Combination,Former,-0.88,-1.166
PT-0057,2.57,1,1.68,1,58.7,Male,II,Standard,Never,0.674,0.416
PT-0058,7.81,0,2.86,1,76.7,Male,II,Combination,Never,0.861,0.29
PT-0059,8.36,1,0.38,1,52.7,Male,II,Standard,Former,1.559,-0.022
PT-0060,42.34,1,53.0,0,71.4,Male,I,Standard,Former,-0.876,2.21
PT-0061,27.11,1,27.87,1,44.3,Female,I,Combination,Current,-0.226,0.894
PT-0062,46.28,0,20.59,1,58.1,Female,II,Standard,Never,0.747,1.053
PT-0063,54.43,1,12.99,1,63.2,Female,I,Standard,,0.057,-0.438
PT-0064,14.88,1,19.88,1,67.5,Male,II,Standard,Current,-1.117,-0.499
PT-0065,20.29,1,9.58,1,68.8,Male,III,Standard,Never,0.415,0.433
PT-0066,9.58,1,5.95,1,69.6,Male,III,Combination,Never,0.579,0.556
PT-0067,16.39,1,13.52,1,57.9,Male,III,Standard,Never,0.088,-1.271
PT-0068,7.5,1,17.45,1,56.8,Female,II,Combination,Former,0.22,
PT-0069,4.09,1,3.47,1,70.3,Male,IV,Combination,Current,-0.259,0.413
PT-0070,7.87,1,7.88,1,59.5,Female,III,Standard,Current,1.478,0.206
PT-0071,20.62,1,4.58,1,48.5,Female,I,Standard,Former,-0.901,-0.332
PT-0072,30.83,0,30.83,0,49.9,Male,I,Combination,Never,-0.587,-0.086
PT-0073,24.44,1,4.87,1,52.1,Male,III,Combination,Never,0.011,
PT-0074,32.85,1,5.56,1,66.6,Male,II,Combination,Former,0.879,0.482
PT-0075,12.94,1,17.7,1,63.0,Female,III,Combination,Never,-1.497,0.944
PT-0076,7.16,1,6.28,1,68.5,Male,IV,Standard,Never,-1.31,1.373
PT-0077,15.92,1,14.97,1,57.1,Female,I,Standard,Never,-2.038,0.135
PT-0078,9.24,1,14.58,1,63.1,Male,I,Combination,Never,0.033,-0.011
PT-0079,1.67,1,13.89,1,67.9,Male,IV,Standard,Former,-1.118,0.794
PT-0080,17.24,0,17.24,0,58.3,Female,III,Combination,Former,-0.385,0.95
PT-0081,3.62,1,7.98,1,66.2,Female,I,Standard,Never,0.661,0.009
PT-0082,20.36,1,39.69,0,54.7,Female,IV,Combination,Former,-0.642,1.111
PT-0083,12.05,1,8.6,1,57.8,Male,IV,Standard,Current,0.231,1.282
PT-0084,18.0,1,40.24,1,57.6,Male,III,Standard,Former,-0.299,1.563
PT-0085,22.7,1,7.23,1,49.3,Male,III,Standard,Current,0.672,2.0
PT-0086,20.28,1,14.92,1,66.5,Male,II,Standard,Former,0.475,-0.38
PT-0087,32.53,0,20.99,1,56.7,Male,I,Combination,Current,-0.692,0.413
PT-0088,9.14,0,4.17,1,61.6,Female,III,Standard,Never,-0.169,0.41
PT-0089,13.69,1,2.16,1,66.4,Male,II,Standard,Never,1.044,0.312
PT-0090,3.18,1,9.5,1,66.1,Female,III,Standard,Never,0.393,-0.184
PT-0091,8.32,1,5.95,1,68.3,Male,IV,Standard,Former,-1.397,-0.937
PT-0092,28.8,1,13.9,1,60.5,Male,I,Combination,Never,0.656,0.483
PT-0093,25.98,1,16.19,1,57.2,Male,III,Standard,Never,-1.085,-0.292
PT-0094,17.37,1,4.73,1,60.7,Male,II,Combination,Former,1.413,0.477
PT-0095,20.03,1,8.78,1,44.3,Female,IV,Standard,Never,1.024,-0.315
PT-0096,11.56,1,0.89,1,46.7,Male,II,Combination,Never,0.29,-0.59
PT-0097,42.32,1,34.88,1,48.0,Female,III,Standard,,0.157,0.611
PT-0098,10.86,1,3.64,1,51.3,Male,III,Standard,Former,-0.209,0.536
PT-0099,12.58,1,10.5,1,65.6,Female,II,Combination,Never,0.679,0.921
PT-0100,37.59,1,45.03,0,52.3,Female,III,Combination,Never,-0.371,2.367
PT-0101,7.22,1,6.29,1,57.6,Female,III,Combination,,0.236,0.65
PT-0102,12.14,1,10.26,1,74.8,Female,III,Standard,Current,0.872,0.837
PT-0103,4.02,1,3.75,1,57.9,Female,III,Standard,Current,-0.562,-0.57
PT-0104,6.27,1,4.77,1,69.0,Male,IV,Combination,Former,-0.616,-0.758
PT-0105,20.68,1,49.08,0,52.0,Male,II,Standard,Former,-1.194,1.825
PT-0106,15.35,1,15.78,0,59.4,Female,III,Combination,Current,-1.064,-0.431
PT-0107,21.38,1,25.61,1,51.8,Female,I,Combination,Current,-1.828,-0.54
PT-0108,0.5,1,13.1,1,58.0,Female,III,Combination,Former,0.73,0.365
PT-0109,7.97,1,0.57,1,70.1,Male,III,Combination,Current,1.809,0.319
PT-0110,7.41,1,3.81,1,43.9,Female,II,Combination,Current,1.425,-0.412
PT-0111,17.61,0,16.72,1,65.9,Female,I,Standard,Current,-1.626,0.126
PT-0112,10.85,1,6.96,1,63.9,Female,IV,Standard,Former,0.725,1.506
PT-0113,3.27,1,4.35,1,55.4,Male,II,Combination,Never,1.422,-0.325
PT-0114,7.66,0,1.53,1,46.8,Female,III,Standard,Never,-0.457,-0.854
PT-0115,23.77,1,45.77,1,62.2,Male,I,Standard,Former,0.101,1.248
PT-0116,36.57,0,27.26,1,56.1,Male,IV,Standard,Former,-2.008,0.843
PT-0117,40.91,1,23.77,1,63.9,Male,II,Combination,Never,0.267,-0.158
PT-0118,10.32,1,25.64,0,61.7,Male,II,Combination,Former,-1.064,-1.024
PT-0119,9.54,1,1.67,1,77.8,Male,IV,Combination,Former,0.2,
PT-0120,22.07,1,12.06,1,59.1,Female,IV,Standard,Current,-1.561,0.351
PT-0121,43.19,0,12.62,1,51.1,Male,II,Standard,Never,0.543,1.449
PT-0122,11.65,1,8.04,1,63.3,Male,III,Combination,Never,1.025,-0.533
PT-0123,6.81,1,24.85,1,63.7,Female,III,Standard,Current,-0.783,0.324
PT-0124,3.61,1,14.68,1,75.4,Male,IV,Combination,Current,-1.137,1.008
PT-0125,68.39,0,7.05,1,70.0,Female,II,Combination,Current,-2.156,-1.743
PT-0126,12.26,1,6.35,1,65.1,Male,III,Standard,Current,-0.266,1.33
PT-0127,9.58,1,6.72,1,76.4,Male,III,Standard,Current,-0.582,-0.664
PT-0128,15.99,0,11.62,1,49.4,Male,III,Standard,Never,-1.551,0.699
PT-0129,23.21,1,35.43,1,55.0,Male,III,Combination,Never,0.453,0.622
PT-0130,43.53,1,40.77,1,52.0,Male,III,Combination,Never,-0.45,1.376
PT-0131,8.84,0,8.84,0,57.5,Male,I,Standard,Former,-1.076,0.896
PT-0132,10.65,1,0.26,1,47.5,Male,IV,Combination,Current,-0.555,-1.74
PT-0133,6.42,1,1.37,1,68.0,Female,IV,Standard,Never,1.071,-0.306
PT-0134,11.86,0,4.26,1,59.2,Male,III,Standard,Former,0.603,0.524
PT-0135,14.16,0,14.16,0,46.5,Male,I,Combination,Never,-0.13,0.225
PT-0136,13.75,1,30.02,1,51.1,Female,II,Standard,Never,0.619,0.83
PT-0137,38.54,1,13.6,1,64.7,Female,III,Standard,Never,-1.161,1.11
PT-0138,11.47,0,11.47,0,70.0,Male,I,Combination,Never,0.032,0.948
PT-0139,1.86,1,0.39,1,81.9,Female,IV,Standard,Current,0.147,
PT-0140,34.94,1,4.39,1,87.0,Female,II,Combination,Never,-0.47,-1.262
PT-0141,7.9,1,5.27,1,65.7,Female,III,Standard,Current,0.435,-0.01
PT-0142,30.32,1,5.3,1,51.4,Female,IV,Standard,Former,-0.78,0.775
PT-0143,14.41,1,0.88,1,39.8,Female,II,Standard,Never,0.51,-0.581
PT-0144,33.22,1,10.95,1,64.2,Male,II,Standard,Never,0.552,0.968
PT-0145,23.36,0,23.36,0,53.2,Female,III,Standard,Current,-2.917,1.218
PT-0146,18.85,1,0.84,1,57.3,Male,III,Standard,Never,1.19,0.514
PT-0147,13.55,0,13.55,0,55.3,Male,II,Combination,Current,-3.048,-2.357
PT-0148,2.53,1,2.49,1,60.1,Female,III,Standard,Never,-0.616,-0.75
PT-0149,10.5,1,9.02,1,72.4,Female,IV,Standard,Former,1.025,2.098
PT-0150,3.41,1,4.5,1,63.1,Male,III,Standard,Current,-0.317,-0.092
PT-0151,1.55,1,9.7,1,59.9,Female,II,Standard,Never,-1.466,-1.386
PT-0152,16.07,1,26.47,0,50.9,Female,II,Standard,Never,-1.094,1.512
PT-0153,22.09,0,11.23,1,44.4,Male,II,Combination,Current,1.027,0.412
PT-0154,29.22,1,47.3,0,56.5,Male,I,Standard,Never,-1.922,1.394
PT-0155,58.14,0,23.17,1,61.0,Male,II,Combination,Never,1.129,0.649
PT-0156,10.72,0,10.72,0,79.5,Female,III,Combination,Former,-0.055,0.813
PT-0157,10.52,1,44.63,1,62.8,Male,II,Standard,,-1.192,0.727
PT-0158,6.13,1,3.93,1,71.5,Male,IV,Standard,Current,-0.583,1.028
PT-0159,29.25,0,29.25,0,56.4,Female,II,Standard,Current,-1.017,2.45
PT-0160,49.84,0,40.35,1,49.4,Male,I,Combination,Never,0.866,1.274
PT-0161,3.86,1,1.05,1,51.7,Female,III,Standard,Current,0.732,-1.022
PT-0162,17.02,0,17.02,0,54.1,Female,IV,Combination,Never,-1.719,0.802
PT-0163,27.73,1,18.38,1,83.2,Male,II,Combination,Never,-0.404,1.427
PT-0164,12.61,0,12.61,0,53.1,Female,II,Combination,Former,-0.863,1.482
PT-0165,21.38,1,11.4,1,70.1,Female,II,Combination,Current,1.294,0.016
PT-0166,67.08,0,19.44,1,52.3,Male,III,Combination,Never,-1.35,1.448
PT-0167,5.88,1,3.75,1,71.0,Male,III,Standard,Never,1.604,1.235
PT-0168,2.5,1,43.56,0,65.4,Male,II,Standard,Former,-0.033,2.715
PT-0169,43.24,0,1.79,1,59.9,Male,I,Standard,Current,-1.162,-0.275
PT-0170,41.08,1,5.55,1,61.1,Male,III,Combination,Never,-0.677,-0.057
PT-0171,23.11,0,7.42,1,54.8,Female,IV,Combination,Never,-0.802,0.124
PT-0172,7.57,1,4.4,1,66.0,Male,III,Combination,Former,-1.275,-0.041
PT-0173,27.99,1,1.63,1,56.9,Female,III,Standard,Never,0.095,-0.401
PT-0174,28.37,0,28.37,0,49.0,Female,I,Combination,Never,-1.228,-2.086
PT-0175,2.29,1,27.95,0,48.5,Male,II,Standard,Never,-2.18,0.009
PT-0176,7.46,0,7.46,0,63.3,Female,II,Standard,Never,-0.38,0.732
PT-0177,20.14,1,30.01,1,77.6,Male,III,Combination,Former,-1.803,-0.044
PT-0178,16.26,1,18.17,1,63.1,Female,IV,Standard,Current,-0.752,2.142
PT-0179,6.45,1,19.21,0,60.3,Female,IV,Standard,Former,-0.909,0.412
PT-0180,9.63,0,8.05,1,64.4,Male,IV,Combination,Former,-0.871,1.562
PT-0181,4.41,1,0.47,1,74.8,Female,IV,Standard,Current,2.001,0.635
PT-0182,27.15,1,2.92,1,63.7,Female,IV,Standard,Never,0.056,1.144
PT-0183,17.08,1,28.69,1,57.3,Female,I,Standard,Never,0.245,0.651
PT-0184,18.41,1,51.14,0,72.8,Male,I,Standard,Current,-1.776,1.632
PT-0185,56.18,0,25.69,1,65.9,Male,II,Combination,Never,-0.654,0.45
PT-0186,16.31,1,6.06,1,77.2,Male,III,Combination,Former,0.215,0.847
PT-0187,10.24,1,4.9,1,63.4,Female,I,Standard,Former,-1.025,0.73
PT-0188,51.97,0,1.15,1,49.0,Female,IV,Standard,Never,0.908,0.141
PT-0189,43.35,0,3.82,1,47.5,Male,III,Standard,Former,-1.203,0.764
PT-0190,7.06,0,4.03,1,78.3,Male,III,Combination,Never,-0.286,2.411
PT-0191,9.28,0,1.24,1,79.1,Male,II,Combination,Never,-0.586,0.157
PT-0192,44.05,1,17.09,1,59.7,Male,II,Combination,Former,0.164,0.778
PT-0193,41.11,1,57.85,0,57.6,Male,II,Standard,Never,-0.64,1.532
PT-0194,18.38,1,13.38,1,76.4,Female,IV,Standard,Current,-0.271,1.426
PT-0195,17.11,1,13.81,1,50.2,Female,III,Standard,Current,-0.236,0.411
PT-0196,8.33,0,8.33,0,52.4,Male,III,Combination,Current,-0.734,
PT-0197,16.4,1,22.69,1,68.1,Female,II,Standard,Never,0.485,0.865
PT-0198,36.32,0,1.17,1,57.5,Male,II,Combination,Never,0.238,-1.598
PT-0199,13.28,1,49.81,1,61.4,Male,II,Combination,Never,-0.089,1.723
PT-0200,7.44,0,1.08,1,59.8,Male,III,Standard,Never,-0.43,0.553
PT-0201,4.8,1,2.07,1,64.9,Male,III,Standard,Current,0.797,1.3
PT-0202,20.8,1,6.1,1,75.9,Male,II,Standard,Never,-0.236,-0.412
PT-0203,4.38,1,2.93,1,62.4,Male,IV,Standard,Never,-0.307,-0.997
PT-0204,35.41,1,15.66,1,68.1,Male,I,Standard,Current,0.105,0.635
PT-0205,24.3,1,3.15,1,40.6,Male,IV,Combination,Never,1.697,0.37
PT-0206,27.17,0,27.17,0,61.0,Female,I,Standard,Never,-1.34,-0.042
PT-0207,68.9,1,1.39,1,52.9,Male,II,Standard,Never,0.77,0.476
PT-0208,35.55,0,35.55,0,49.1,Male,IV,Combination,Former,-1.893,2.891
PT-0209,17.88,1,32.93,1,52.5,Female,II,Combination,Current,0.217,1.151
PT-0210,6.29,1,4.26,1,58.1,Female,II,Standard,Never,1.575,1.345
PT-0211,33.62,0,6.12,1,70.8,Male,II,Combination,Current,0.489,1.16
PT-0212,9.93,1,24.23,1,48.0,Male,II,Combination,Current,0.171,1.732
PT-0213,8.75,1,8.93,1,61.8,Female,III,Combination,Current,-0.56,0.229
PT-0214,3.8,1,14.14,1,56.6,Female,IV,Combination,Never,0.031,-1.449
PT-0215,8.59,1,4.5,1,58.2,Female,IV,Standard,Never,-0.252,0.23
PT-0216,19.87,1,35.13,1,71.7,Female,II,Combination,Current,-0.786,1.131
PT-0217,12.43,1,12.64,1,67.0,Male,III,Standard,Never,-0.29,-0.473
PT-0218,12.21,1,21.7,1,75.1,Male,II,Combination,Former,0.198,0.241
PT-0219,7.06,1,35.19,1,59.9,Female,II,Combination,Former,-0.767,-0.223
PT-0220,61.49,0,46.84,1,54.4,Male,II,Standard,Never,-0.806,1.752
PT-0221,27.42,1,13.05,1,59.2,Female,IV,Standard,Current,-1.36,1.075
PT-0222,31.62,1,10.95,1,64.0,Female,IV,Combination,Current,0.391,0.986
PT-0223,2.38,1,16.75,1,63.3,Male,III,Combination,Former,0.545,0.959
PT-0224,17.91,1,7.67,1,50.4,Male,III,Standard,Former,0.232,0.366
PT-0225,7.32,1,12.94,1,62.4,Male,III,Combination,Current,0.965,0.578
PT-0226,4.81,1,4.36,1,63.8,Male,III,Combination,Former,0.088,-0.667
PT-0227,0.18,1,0.27,1,87.0,Male,III,Standard,Former,0.392,-1.568
PT-0228,22.0,1,6.34,1,80.6,Male,II,Standard,Current,0.304,
PT-0229,7.16,0,4.0,1,52.8,Male,I,Standard,Former,-0.092,0.692
PT-0230,15.33,1,62.64,0,58.6,Male,I,Combination,Never,-0.531,1.488
PT-0231,27.39,1,10.79,1,46.6,Male,IV,Standard,Never,2.214,1.814
PT-0232,15.39,0,12.2,1,55.5,Male,III,Combination,Never,-0.452,
PT-0233,13.75,1,2.41,1,64.7,Male,IV,Standard,Former,-0.666,-0.498
PT-0234,12.41,1,2.83,1,73.8,Female,II,Combination,,0.434,0.083
PT-0235,15.45,1,28.27,1,54.1,Male,III,Standard,Former,0.252,0.832
PT-0236,32.48,0,22.39,1,54.8,Male,II,Standard,Never,-1.405,2.679
PT-0237,62.52,0,20.65,1,39.6,Male,II,Combination,Current,1.123,
PT-0238,33.91,0,26.59,1,59.8,Male,I,Standard,Current,-0.094,1.407
PT-0239,44.08,0,44.08,0,50.7,Male,I,Combination,Never,-1.111,0.051
PT-0240,5.98,1,0.04,1,56.1,Male,IV,Combination,Former,1.189,-0.395
PT-0241,42.69,1,48.92,0,52.6,Female,II,Combination,,0.626,1.11
PT-0242,44.53,1,5.76,1,60.5,Male,III,Combination,Former,-1.265,-0.591
PT-0243,7.11,1,3.21,1,43.6,Male,III,Standard,Never,1.777,0.185
PT-0244,16.6,1,7.05,1,46.5,Female,II,Combination,Current,0.659,0.297
PT-0245,13.03,1,4.25,1,83.2,Female,III,Combination,Current,-0.01,1.834
PT-0246,2.59,1,1.82,1,48.4,Female,II,Standard,Former,1.59,0.081
PT-0247,8.94,1,6.63,1,50.3,Male,IV,Standard,Current,0.159,-1.795
PT-0248,3.04,1,28.36,1,80.2,Male,IV,Combination,Current,-0.028,0.854
PT-0249,27.88,1,4.63,1,87.0,Male,III,Standard,Never,-0.66,-0.229
PT-0250,10.12,1,13.86,1,49.6,Male,III,Combination,,0.582,0.438
PT-0251,1.33,1,41.38,1,57.7,Male,I,Combination,Former,0.477,0.322
PT-0252,3.78,1,11.26,1,65.0,Female,IV,Combination,Current,0.015,0.154
PT-0253,19.48,1,22.63,1,79.1,Male,II,Standard,Never,-0.79,1.111
PT-0254,20.98,1,46.61,0,51.4,Female,I,Standard,Never,0.13,-0.98
PT-0255,18.19,0,18.19,0,59.0,Male,II,Standard,Current,-0.07,-0.065
PT-0256,15.35,1,2.95,1,69.4,Male,III,Standard,Never,-1.333,1.016
PT-0257,10.6,1,24.84,1,65.9,Male,III,Combination,Current,-1.472,-0.153
PT-0258,0.15,1,0.31,1,57.7,Male,III,Combination,Never,0.565,-1.048
PT-0259,39.62,1,2.93,1,60.1,Female,III,Standard,Current,-2.602,1.002
PT-0260,14.13,0,14.13,0,47.5,Female,II,Standard,Current,0.205,1.411
PT-0261,16.24,1,6.06,1,59.1,Female,IV,Combination,Never,-0.478,0.36
PT-0262,21.18,1,2.96,1,58.8,Female,II,Standard,Current,1.308,-1.365
PT-0263,35.1,0,9.71,1,63.9,Male,III,Combination,Never,-0.493,1.035
PT-0264,14.06,0,14.06,0,55.8,Male,I,Standard,Former,0.659,-1.094
PT-0265,7.92,1,15.98,1,66.3,Male,IV,Combination,Former,-0.397,0.678
PT-0266,22.7,1,18.32,1,71.8,Male,II,Standard,Current,0.114,-0.399
PT-0267,38.48,0,8.89,1,63.1,Male,I,Combination,Never,0.737,-0.644
PT-0268,10.17,0,0.5,1,65.1,Male,II,Standard,Never,-0.463,0.002
PT-0269,6.95,1,7.45,1,62.0,Female,I,Combination,Former,0.997,0.235
PT-0270,21.71,1,13.67,1,61.5,Female,I,Standard,Former,-0.994,-0.18
PT-0271,17.68,0,0.34,1,54.1,Male,III,Standard,Former,0.295,
PT-0272,52.83,0,5.46,1,64.7,Male,II,Combination,,0.923,-0.001
PT-0273,10.25,1,18.7,1,60.5,Female,IV,Standard,Never,0.66,1.282
PT-0274,9.05,1,0.55,1,82.9,Male,II,Standard,Current,1.916,0.653
PT-0275,10.43,1,10.88,1,77.5,Male,III,Standard,Never,-0.763,-0.228
PT-0276,17.04,0,17.04,0,65.4,Female,III,Standard,Never,-1.379,-0.379
PT-0277,3.31,1,10.87,1,53.7,Female,III,Standard,Current,-0.994,-1.083
PT-0278,33.44,1,1.5,1,50.2,Male,III,Combination,Never,0.66,0.662
PT-0279,5.39,1,7.05,1,73.6,Male,III,Standard,Former,0.498,0.081
PT-0280,29.88,1,4.78,1,64.2,Female,IV,Combination,Never,0.102,-1.735
PT-0281,3.57,1,21.64,0,66.4,Male,II,Combination,Current,-1.123,-0.082
PT-0282,1.38,1,28.45,0,43.7,Female,II,Standard,Former,0.767,-0.411
PT-0283,13.93,1,37.61,0,71.0,Male,III,Combination,Current,-1.225,1.818
PT-0284,7.9,1,1.45,1,66.1,Female,IV,Combination,Never,1.159,-1.133
PT-0285,21.0,1,1.07,1,50.2,Male,I,Combination,Former,2.857,-0.897
PT-0286,8.84,1,14.44,0,56.7,Female,II,Standard,Current,0.366,1.399
PT-0287,6.37,1,8.57,1,64.2,Female,IV,Standard,Never,0.583,1.621
PT-0288,29.33,1,20.17,1,62.0,Male,III,Standard,,-0.493,
PT-0289,33.55,1,42.96,0,58.5,Female,IV,Combination,Never,-1.81,-0.169
PT-0290,26.41,1,13.6,1,60.4,Female,III,Combination,Current,-0.603,0.955
PT-0291,8.01,1,8.21,1,58.9,Female,III,Combination,Former,-1.093,-1.694
PT-0292,15.19,1,11.67,1,63.1,Male,II,Standard,Former,-1.447,-1.275
PT-0293,3.48,1,2.13,1,76.5,Male,IV,Combination,Former,1.722,0.147
PT-0294,28.14,1,20.82,1,35.3,Male,II,Standard,Former,0.273,1.795
PT-0295,27.39,1,25.19,1,59.1,Female,III,Combination,Former,0.38,0.008
PT-0296,31.15,1,33.53,1,63.3,Female,II,Standard,Former,-0.309,0.491
PT-0297,40.43,0,2.05,1,64.5,Female,III,Combination,Former,-0.173,1.42
PT-0298,9.85,1,4.96,1,57.7,Male,III,Combination,Never,0.965,2.296
PT-0299,18.69,1,1.45,1,43.6,Male,III,Standard,Current,-0.032,-0.119
PT-0300,7.65,1,0.48,1,64.8,Male,IV,Standard,Current,0.531,0.385
PT-0301,18.99,0,12.02,1,79.1,Male,II,Combination,Never,-0.196,2.04
PT-0302,34.4,1,1.67,1,45.9,Female,III,Standard,Former,-0.342,-0.97
PT-0303,39.36,1,45.88,1,70.3,Male,II,Combination,Never,-1.407,1.325
PT-0304,62.95,0,62.95,0,58.1,Male,II,Combination,Current,-1.978,-0.516
PT-0305,38.39,0,38.39,0,60.9,Female,II,Combination,Current,-0.262,0.492
PT-0306,13.56,1,44.14,1,50.8,Female,I,Standard,Current,0.056,0.182
PT-0307,26.94,0,26.94,0,58.1,Female,I,Standard,Never,-1.286,-0.462
PT-0308,14.27,1,8.37,1,74.8,Female,III,Standard,Never,-0.034,-0.485
PT-0309,16.13,0,6.48,1,67.4,Female,III,Combination,Never,0.054,0.649
PT-0310,10.94,1,9.05,1,79.2,Male,III,Standard,Never,-2.156,
PT-0311,35.97,0,16.16,1,73.5,Male,I,Standard,Never,-0.915,0.283
PT-0312,9.71,1,24.57,1,66.0,Female,II,Standard,Never,0.407,0.463
PT-0313,2.63,1,4.07,1,79.3,Female,II,Combination,Current,0.387,0.914
PT-0314,12.43,1,17.33,1,66.0,Male,III,Standard,Never,-1.154,-0.474
PT-0315,15.32,1,23.68,0,69.9,Male,IV,Combination,Never,0.158,1.066
PT-0316,9.89,1,15.45,1,58.5,Male,II,Combination,Current,1.022,1.137
PT-0317,11.79,0,11.79,0,62.2,Female,III,Combination,Former,0.777,2.743
PT-0318,38.73,1,33.47,1,54.4,Male,I,Combination,Current,-0.095,0.062
PT-0319,23.96,1,5.75,1,71.6,Female,II,Combination,Former,-0.468,-0.012
PT-0320,33.11,0,18.6,1,49.5,Female,I,Combination,Current,-0.629,1.092
PT-0321,39.56,1,4.82,1,69.5,Male,II,Standard,Former,0.468,1.137
PT-0322,19.3,1,21.02,1,59.6,Male,III,Combination,Former,0.195,-0.082
PT-0323,17.56,1,1.17,1,73.4,Male,IV,Combination,Former,0.629,
PT-0324,27.89,1,8.03,1,69.2,Male,II,Combination,Former,0.132,0.887
PT-0325,7.87,1,8.44,1,80.1,Male,III,Combination,Never,0.819,-0.345
PT-0326,2.75,1,5.58,1,69.0,Female,III,Combination,Former,0.095,0.031
PT-0327,26.02,0,8.15,1,45.5,Female,IV,Combination,Never,0.785,0.481
PT-0328,8.62,1,6.17,1,60.8,Female,III,Standard,Current,0.871,1.296
PT-0329,28.32,0,28.32,0,49.5,Female,II,Standard,Never,-0.805,-0.144
PT-0330,59.39,0,18.26,1,56.2,Male,III,Standard,Never,-1.808,-1.258
PT-0331,12.48,1,8.14,1,76.9,Female,II,Standard,Never,1.543,-1.325
PT-0332,9.89,0,5.41,1,68.0,Male,IV,Standard,Current,0.257,-0.733
PT-0333,71.35,1,71.85,0,54.4,Male,II,Standard,Never,-1.714,-0.782
PT-0334,34.79,1,1.42,1,51.2,Male,III,Standard,Former,-0.714,0.261
PT-0335,23.77,1,16.06,1,61.8,Female,I,Combination,Current,0.772,-0.67
PT-0336,26.96,1,25.01,1,49.1,Male,II,Standard,Never,-0.28,-0.232
PT-0337,35.49,0,11.4,1,54.7,Male,IV,Combination,Current,-0.512,-0.297
PT-0338,22.21,1,0.94,1,64.7,Male,III,Combination,Never,1.401,0.004
PT-0339,15.45,0,15.45,0,73.3,Male,II,Standard,Never,-1.047,1.59
PT-0340,11.72,1,1.21,1,67.7,Male,IV,Standard,Former,-0.798,0.996
PT-0341,19.08,1,10.1,1,38.1,Male,IV,Standard,Current,0.211,0.415
PT-0342,21.77,1,34.9,1,64.6,Female,II,Combination,Never,0.39,-0.015
PT-0343,7.26,0,4.48,1,62.2,Male,III,Standard,Former,0.496,0.01
PT-0344,16.31,0,7.88,1,65.7,Female,III,Standard,Never,0.911,0.695
PT-0345,2.06,1,2.6,1,78.0,Male,III,Combination,Former,0.199,0.926
PT-0346,19.93,0,3.89,1,40.5,Male,II,Combination,Former,0.489,-0.417
PT-0347,21.68,0,16.16,1,55.5,Male,II,Standard,Former,-0.259,0.433
PT-0348,14.66,1,0.21,1,67.5,Female,IV,Standard,Former,0.063,
PT-0349,1.14,1,7.56,1,45.4,Female,IV,Standard,Never,0.108,0.591
PT-0350,5.8,1,5.79,1,76.6,Male,IV,Standard,Former,0.215,1.086
PT-0351,5.66,1,3.04,1,65.3,Female,IV,Standard,Former,0.773,0.148
PT-0352,0.91,1,35.1,1,70.1,Female,III,Combination,Former,0.555,2.035
PT-0353,52.14,0,4.62,1,55.7,Female,III,Combination,Never,0.044,-0.393
PT-0354,1.91,1,30.76,0,69.8,Female,III,Combination,Former,-0.809,0.596
PT-0355,17.38,0,13.46,1,72.4,Male,III,Combination,Never,0.068,
PT-0356,15.84,1,10.31,1,63.9,Male,II,Standard,Never,-0.028,0.31
PT-0357,33.2,1,58.01,1,63.9,Female,II,Combination,Never,0.193,
PT-0358,10.9,1,9.4,1,64.3,Female,III,Combination,Former,2.207,0.496
PT-0359,8.53,1,18.83,1,52.7,Female,II,Combination,Former,-0.524,
PT-0360,36.31,0,36.31,0,60.0,Female,II,Combination,Never,0.422,1.64
