scenario,features,m,k,validation_n,with_training,replicates,validation_events,optimism,selection_optimism,training_optimism,regret,optimism_mcse,selection_optimism_mcse,training_optimism_mcse,regret_mcse
linear_heterogeneous,genes + clinical,12,1,100,0,100,54.0,0.0201,0.0201,0.1214,0.0104,0.004,0.004,0.0082,0.0015
linear_heterogeneous,genes + clinical,12,1,100,1,100,54.0,0.0133,0.1753,0.3373,0.0432,0.0039,0.0023,0.0027,0.0014
linear_heterogeneous,genes + clinical,12,1,150,0,100,81.1,0.0151,0.0151,0.1104,0.0086,0.0033,0.0033,0.0073,0.0012
linear_heterogeneous,genes + clinical,12,1,150,1,100,81.1,0.004,0.173,0.3419,0.0428,0.0033,0.0021,0.0027,0.0013
linear_heterogeneous,genes + clinical,12,1,300,0,100,162.4,0.0085,0.0085,0.0932,0.0044,0.0026,0.0026,0.005,0.0007
linear_heterogeneous,genes + clinical,12,1,300,1,100,162.4,0.0002,0.173,0.3458,0.0434,0.0025,0.0019,0.0025,0.0013
linear_heterogeneous,genes + clinical,12,3,100,0,100,54.0,0.0066,0.0066,0.0945,0.0048,0.0029,0.0029,0.0052,0.0008
linear_heterogeneous,genes + clinical,12,3,100,1,100,54.0,0.0095,0.0858,0.3146,0.0374,0.0024,0.0024,0.0055,0.0015
linear_heterogeneous,genes + clinical,12,3,150,0,100,81.1,0.0041,0.0041,0.0926,0.0039,0.0022,0.0022,0.0053,0.0008
linear_heterogeneous,genes + clinical,12,3,150,1,100,81.1,0.0053,0.0845,0.3221,0.0379,0.002,0.0021,0.0052,0.0013
linear_heterogeneous,genes + clinical,12,3,300,0,100,162.4,0.0031,0.0031,0.0804,0.0019,0.0018,0.0018,0.0039,0.0004
linear_heterogeneous,genes + clinical,12,3,300,1,100,162.4,0.0041,0.0844,0.3253,0.0378,0.0017,0.0018,0.0045,0.0012
linear_heterogeneous,genes + clinical,12,5,100,0,100,54.0,0.0026,0.0026,0.0915,0.0034,0.0023,0.0023,0.0051,0.0007
linear_heterogeneous,genes + clinical,12,5,100,1,100,54.0,0.0083,0.0492,0.2539,0.0266,0.0021,0.0026,0.0103,0.0018
linear_heterogeneous,genes + clinical,12,5,150,0,100,81.1,0.0018,0.0018,0.0832,0.0018,0.0019,0.0019,0.0039,0.0004
linear_heterogeneous,genes + clinical,12,5,150,1,100,81.1,0.007,0.0451,0.2356,0.023,0.0017,0.0021,0.0109,0.0018
linear_heterogeneous,genes + clinical,12,5,300,0,100,162.4,0.0012,0.0012,0.0819,0.0016,0.0017,0.0017,0.0038,0.0004
linear_heterogeneous,genes + clinical,12,5,300,1,100,162.4,0.0044,0.0456,0.2516,0.0249,0.0016,0.0022,0.0107,0.0018
linear_heterogeneous,genes + clinical,40,1,100,0,100,54.0,0.0284,0.0284,0.1321,0.0135,0.0039,0.0039,0.0085,0.0015
linear_heterogeneous,genes + clinical,40,1,100,1,100,54.0,0.0208,0.1783,0.3358,0.0447,0.0039,0.0022,0.0026,0.0014
linear_heterogeneous,genes + clinical,40,1,150,0,100,81.1,0.0208,0.0208,0.1236,0.0116,0.0033,0.0033,0.0081,0.0013
linear_heterogeneous,genes + clinical,40,1,150,1,100,81.1,0.0101,0.1749,0.3398,0.0446,0.0033,0.0019,0.0026,0.0014
linear_heterogeneous,genes + clinical,40,1,300,0,100,162.4,0.0131,0.0131,0.099,0.0068,0.0025,0.0025,0.0063,0.0009
linear_heterogeneous,genes + clinical,40,1,300,1,100,162.4,0.0035,0.1742,0.345,0.0451,0.0024,0.0018,0.0025,0.0015
linear_heterogeneous,genes + clinical,40,3,100,0,100,54.0,0.0104,0.0104,0.1006,0.0071,0.0028,0.0028,0.006,0.001
linear_heterogeneous,genes + clinical,40,3,100,1,100,54.0,0.0133,0.0875,0.3098,0.038,0.0025,0.0023,0.005,0.0015
linear_heterogeneous,genes + clinical,40,3,150,0,100,81.1,0.005,0.005,0.0889,0.004,0.0021,0.0021,0.0049,0.0006
linear_heterogeneous,genes + clinical,40,3,150,1,100,81.1,0.0092,0.0845,0.3102,0.0373,0.0021,0.0021,0.0053,0.0014
linear_heterogeneous,genes + clinical,40,3,300,0,100,162.4,0.0041,0.0041,0.0801,0.0027,0.0018,0.0018,0.0039,0.0004
linear_heterogeneous,genes + clinical,40,3,300,1,100,162.4,0.0067,0.0844,0.3175,0.0379,0.0018,0.0017,0.0041,0.0013
linear_heterogeneous,genes + clinical,40,5,100,0,100,54.0,0.0044,0.0044,0.0955,0.0042,0.0022,0.0022,0.0057,0.0007
linear_heterogeneous,genes + clinical,40,5,100,1,100,54.0,0.0111,0.0498,0.243,0.0255,0.002,0.0025,0.0097,0.0017
linear_heterogeneous,genes + clinical,40,5,150,0,100,81.1,0.0035,0.0035,0.0865,0.0028,0.0018,0.0018,0.0047,0.0005
linear_heterogeneous,genes + clinical,40,5,150,1,100,81.1,0.0098,0.0479,0.2382,0.0242,0.0017,0.0021,0.0096,0.0017
linear_heterogeneous,genes + clinical,40,5,300,0,100,162.4,0.0018,0.0018,0.0805,0.0021,0.0016,0.0016,0.0038,0.0004
linear_heterogeneous,genes + clinical,40,5,300,1,100,162.4,0.0061,0.0475,0.2543,0.026,0.0015,0.0021,0.0092,0.0016
linear_heterogeneous,genes only,12,1,100,0,100,54.0,0.0365,0.0365,0.2108,0.014,0.0044,0.0044,0.0127,0.0017
linear_heterogeneous,genes only,12,1,100,1,100,54.0,0.0147,0.207,0.3993,0.0283,0.0044,0.0026,0.0029,0.0013
linear_heterogeneous,genes only,12,1,150,0,100,81.1,0.0264,0.0264,0.1782,0.0113,0.0035,0.0035,0.0116,0.0014
linear_heterogeneous,genes only,12,1,150,1,100,81.1,0.0041,0.2038,0.4035,0.028,0.0036,0.0025,0.0029,0.0013
linear_heterogeneous,genes only,12,1,300,0,100,162.4,0.0188,0.0188,0.1739,0.0097,0.0027,0.0027,0.0122,0.0014
linear_heterogeneous,genes only,12,1,300,1,100,162.4,0.0019,0.2041,0.4063,0.0276,0.0029,0.0022,0.0028,0.0013
linear_heterogeneous,genes only,12,3,100,0,100,54.0,0.0191,0.0191,0.1734,0.0104,0.003,0.003,0.0127,0.0013
linear_heterogeneous,genes only,12,3,100,1,100,54.0,0.0152,0.1072,0.3832,0.0271,0.0028,0.0023,0.0046,0.0015
linear_heterogeneous,genes only,12,3,150,0,100,81.1,0.0122,0.0122,0.1583,0.0084,0.0027,0.0027,0.0121,0.0011
linear_heterogeneous,genes only,12,3,150,1,100,81.1,0.0084,0.1038,0.3902,0.0268,0.0023,0.0019,0.0038,0.0014
linear_heterogeneous,genes only,12,3,300,0,100,162.4,0.0072,0.0072,0.138,0.0039,0.0024,0.0024,0.0107,0.0006
linear_heterogeneous,genes only,12,3,300,1,100,162.4,0.005,0.1024,0.3946,0.0254,0.002,0.0019,0.0039,0.0012
linear_heterogeneous,genes only,12,5,100,0,100,54.0,0.0095,0.0095,0.1581,0.0082,0.0025,0.0025,0.0115,0.0012
linear_heterogeneous,genes only,12,5,100,1,100,54.0,0.0111,0.0713,0.3726,0.0258,0.0021,0.002,0.0061,0.0014
linear_heterogeneous,genes only,12,5,150,0,100,81.1,0.0065,0.0065,0.1483,0.0062,0.0023,0.0023,0.0113,0.001
linear_heterogeneous,genes only,12,5,150,1,100,81.1,0.0074,0.0683,0.3732,0.0244,0.0019,0.0017,0.0056,0.0014
linear_heterogeneous,genes only,12,5,300,0,100,162.4,0.0038,0.0038,0.1305,0.0033,0.0022,0.0022,0.0101,0.0005
linear_heterogeneous,genes only,12,5,300,1,100,162.4,0.0042,0.0673,0.3824,0.0237,0.0018,0.0017,0.0057,0.0013
linear_heterogeneous,genes only,40,1,100,0,100,54.0,0.0428,0.0428,0.2146,0.0155,0.0042,0.0042,0.0116,0.0016
linear_heterogeneous,genes only,40,1,100,1,100,54.0,0.0247,0.2109,0.3971,0.0312,0.004,0.0024,0.0028,0.0013
linear_heterogeneous,genes only,40,1,150,0,100,81.1,0.0312,0.0312,0.1864,0.0134,0.0034,0.0034,0.0116,0.0014
linear_heterogeneous,genes only,40,1,150,1,100,81.1,0.0111,0.2071,0.4032,0.0308,0.0033,0.0022,0.0026,0.0013
linear_heterogeneous,genes only,40,1,300,0,100,162.4,0.0205,0.0205,0.1664,0.0095,0.0028,0.0028,0.0108,0.0012
linear_heterogeneous,genes only,40,1,300,1,100,162.4,0.0052,0.206,0.4068,0.0306,0.0028,0.0021,0.0024,0.0012
linear_heterogeneous,genes only,40,3,100,0,100,54.0,0.0205,0.0205,0.1799,0.0112,0.003,0.003,0.0126,0.0013
linear_heterogeneous,genes only,40,3,100,1,100,54.0,0.0193,0.1089,0.3776,0.0278,0.0025,0.0022,0.0047,0.0015
linear_heterogeneous,genes only,40,3,150,0,100,81.1,0.0133,0.0133,0.1674,0.0085,0.0026,0.0026,0.0117,0.0011
linear_heterogeneous,genes only,40,3,150,1,100,81.1,0.0126,0.1062,0.3869,0.0281,0.0023,0.0019,0.0038,0.0014
linear_heterogeneous,genes only,40,3,300,0,100,162.4,0.009,0.009,0.146,0.0045,0.0024,0.0024,0.0105,0.0007
linear_heterogeneous,genes only,40,3,300,1,100,162.4,0.0084,0.103,0.3867,0.0262,0.002,0.0019,0.0041,0.0012
linear_heterogeneous,genes only,40,5,100,0,100,54.0,0.0104,0.0104,0.1725,0.0081,0.0025,0.0025,0.0115,0.001
linear_heterogeneous,genes only,40,5,100,1,100,54.0,0.0143,0.0726,0.3643,0.0254,0.0021,0.002,0.0056,0.0012
linear_heterogeneous,genes only,40,5,150,0,100,81.1,0.0073,0.0073,0.1673,0.0064,0.0022,0.0022,0.0114,0.0008
linear_heterogeneous,genes only,40,5,150,1,100,81.1,0.0095,0.0698,0.3709,0.0252,0.0019,0.0018,0.0057,0.0013
linear_heterogeneous,genes only,40,5,300,0,100,162.4,0.0052,0.0052,0.1363,0.0046,0.0021,0.0021,0.0097,0.0006
linear_heterogeneous,genes only,40,5,300,1,100,162.4,0.0069,0.0681,0.3737,0.0242,0.0018,0.0017,0.0046,0.0013
linear_homogeneous,genes + clinical,12,1,100,0,100,63.1,0.0148,0.0148,0.098,0.0109,0.0033,0.0033,0.0085,0.0017
linear_homogeneous,genes + clinical,12,1,100,1,100,63.1,0.0084,0.1583,0.3082,0.047,0.0035,0.0021,0.0025,0.0015
linear_homogeneous,genes + clinical,12,1,150,0,100,94.8,0.0103,0.0103,0.0762,0.0052,0.0028,0.0028,0.0056,0.0009
linear_homogeneous,genes + clinical,12,1,150,1,100,94.8,0.0028,0.1557,0.3087,0.0458,0.0029,0.0019,0.0024,0.0013
linear_homogeneous,genes + clinical,12,1,300,0,100,189.4,0.0052,0.0052,0.0717,0.0039,0.0019,0.0019,0.0054,0.0007
linear_homogeneous,genes + clinical,12,1,300,1,100,189.4,-0.0021,0.1555,0.3132,0.047,0.0021,0.0014,0.0019,0.0012
linear_homogeneous,genes + clinical,12,3,100,0,100,63.1,0.0062,0.0062,0.066,0.0026,0.0021,0.0021,0.0046,0.0007
linear_homogeneous,genes + clinical,12,3,100,1,100,63.1,0.0112,0.0764,0.272,0.0379,0.0021,0.0023,0.0059,0.0015
linear_homogeneous,genes + clinical,12,3,150,0,100,94.8,0.0055,0.0055,0.0614,0.0017,0.0018,0.0018,0.0039,0.0004
linear_homogeneous,genes + clinical,12,3,150,1,100,94.8,0.0081,0.0746,0.2741,0.0381,0.0018,0.0018,0.0055,0.0015
linear_homogeneous,genes + clinical,12,3,300,0,100,189.4,0.0023,0.0023,0.0624,0.0012,0.0012,0.0012,0.004,0.0003
linear_homogeneous,genes + clinical,12,3,300,1,100,189.4,0.0038,0.0721,0.2773,0.0387,0.0013,0.0016,0.0058,0.0015
linear_homogeneous,genes + clinical,12,5,100,0,100,63.1,0.0045,0.0045,0.0605,0.002,0.0017,0.0017,0.0034,0.0005
linear_homogeneous,genes + clinical,12,5,100,1,100,63.1,0.0086,0.036,0.1733,0.0189,0.0015,0.0023,0.0109,0.0018
linear_homogeneous,genes + clinical,12,5,150,0,100,94.8,0.0036,0.0036,0.0587,0.0015,0.0014,0.0014,0.0029,0.0004
linear_homogeneous,genes + clinical,12,5,150,1,100,94.8,0.0061,0.0343,0.1753,0.0184,0.0014,0.0021,0.0108,0.0018
linear_homogeneous,genes + clinical,12,5,300,0,100,189.4,0.001,0.001,0.0591,0.0009,0.001,0.001,0.0033,0.0002
linear_homogeneous,genes + clinical,12,5,300,1,100,189.4,0.0025,0.0288,0.1605,0.0158,0.001,0.0021,0.0109,0.0017
linear_homogeneous,genes + clinical,40,1,100,0,100,63.1,0.0181,0.0181,0.0911,0.0111,0.0034,0.0034,0.0068,0.0013
linear_homogeneous,genes + clinical,40,1,100,1,100,63.1,0.0159,0.161,0.3062,0.0507,0.0035,0.0021,0.0023,0.0014
linear_homogeneous,genes + clinical,40,1,150,0,100,94.8,0.0154,0.0154,0.0819,0.0093,0.0029,0.0029,0.0057,0.0012
linear_homogeneous,genes + clinical,40,1,150,1,100,94.8,0.0093,0.1577,0.3061,0.0491,0.003,0.0019,0.0024,0.0014
linear_homogeneous,genes + clinical,40,1,300,0,100,189.4,0.0059,0.0059,0.066,0.0042,0.0019,0.0019,0.0042,0.0007
linear_homogeneous,genes + clinical,40,1,300,1,100,189.4,0.0012,0.1561,0.3109,0.0498,0.0021,0.0015,0.002,0.0012
linear_homogeneous,genes + clinical,40,3,100,0,100,63.1,0.0079,0.0079,0.0664,0.0036,0.0021,0.0021,0.0043,0.0007
linear_homogeneous,genes + clinical,40,3,100,1,100,63.1,0.0148,0.0774,0.2654,0.039,0.0019,0.0021,0.0054,0.0015
linear_homogeneous,genes + clinical,40,3,150,0,100,94.8,0.0062,0.0062,0.0591,0.0023,0.0018,0.0018,0.0032,0.0005
linear_homogeneous,genes + clinical,40,3,150,1,100,94.8,0.0103,0.0758,0.2722,0.0396,0.0017,0.0017,0.0039,0.0013
linear_homogeneous,genes + clinical,40,3,300,0,100,189.4,0.002,0.002,0.0553,0.001,0.0012,0.0012,0.0026,0.0002
linear_homogeneous,genes + clinical,40,3,300,1,100,189.4,0.0052,0.0706,0.267,0.0382,0.0012,0.0015,0.0046,0.0013
linear_homogeneous,genes + clinical,40,5,100,0,100,63.1,0.0047,0.0047,0.0591,0.0017,0.0016,0.0016,0.0032,0.0004
linear_homogeneous,genes + clinical,40,5,100,1,100,63.1,0.0094,0.0378,0.1796,0.0205,0.0016,0.0021,0.0095,0.0017
linear_homogeneous,genes + clinical,40,5,150,0,100,94.8,0.0036,0.0036,0.054,0.0012,0.0014,0.0014,0.0027,0.0002
linear_homogeneous,genes + clinical,40,5,150,1,100,94.8,0.0074,0.0353,0.1744,0.0193,0.0015,0.0021,0.0099,0.0016
linear_homogeneous,genes + clinical,40,5,300,0,100,189.4,0.0011,0.0011,0.0547,0.0007,0.001,0.001,0.0026,0.0002
linear_homogeneous,genes + clinical,40,5,300,1,100,189.4,0.0028,0.0286,0.1571,0.0154,0.001,0.0019,0.0096,0.0015
linear_homogeneous,genes only,12,1,100,0,100,63.1,0.0215,0.0215,0.1292,0.0103,0.0033,0.0033,0.0098,0.0013
linear_homogeneous,genes only,12,1,100,1,100,63.1,0.0072,0.1915,0.3759,0.0417,0.0035,0.0021,0.0023,0.0016
linear_homogeneous,genes only,12,1,150,0,100,94.8,0.0186,0.0186,0.1089,0.0072,0.003,0.003,0.0087,0.001
linear_homogeneous,genes only,12,1,150,1,100,94.8,0.0052,0.1885,0.3718,0.0405,0.0029,0.0019,0.0027,0.0015
linear_homogeneous,genes only,12,1,300,0,100,189.4,0.0108,0.0108,0.0903,0.0033,0.0024,0.0024,0.0071,0.0007
linear_homogeneous,genes only,12,1,300,1,100,189.4,0.001,0.189,0.377,0.0417,0.0022,0.0014,0.0021,0.0015
linear_homogeneous,genes only,12,3,100,0,100,63.1,0.01,0.01,0.0963,0.0053,0.0022,0.0022,0.0086,0.001
linear_homogeneous,genes only,12,3,100,1,100,63.1,0.0108,0.0928,0.3387,0.0341,0.0021,0.0019,0.006,0.0016
linear_homogeneous,genes only,12,3,150,0,100,94.8,0.0071,0.0071,0.0864,0.0033,0.002,0.002,0.0074,0.0007
linear_homogeneous,genes only,12,3,150,1,100,94.8,0.0069,0.091,0.3432,0.034,0.0017,0.0017,0.0048,0.0014
linear_homogeneous,genes only,12,3,300,0,100,189.4,0.0044,0.0044,0.0741,0.0019,0.0013,0.0013,0.0052,0.0005
linear_homogeneous,genes only,12,3,300,1,100,189.4,0.0024,0.0897,0.3519,0.0353,0.0012,0.0013,0.0042,0.0014
linear_homogeneous,genes only,12,5,100,0,100,63.1,0.0035,0.0035,0.0751,0.0019,0.0018,0.0018,0.0063,0.0004
linear_homogeneous,genes only,12,5,100,1,100,63.1,0.0072,0.0545,0.2908,0.0252,0.0017,0.0021,0.0101,0.0014
linear_homogeneous,genes only,12,5,150,0,100,94.8,0.0027,0.0027,0.0764,0.0013,0.0015,0.0015,0.0059,0.0003
linear_homogeneous,genes only,12,5,150,1,100,94.8,0.0061,0.0558,0.3046,0.0277,0.0014,0.0018,0.0087,0.0015
linear_homogeneous,genes only,12,5,300,0,100,189.4,0.0021,0.0021,0.0715,0.0007,0.0012,0.0012,0.0051,0.0002
linear_homogeneous,genes only,12,5,300,1,100,189.4,0.0025,0.0524,0.3015,0.0261,0.0011,0.0016,0.0087,0.0013
linear_homogeneous,genes only,40,1,100,0,100,63.1,0.0314,0.0314,0.1538,0.0165,0.0036,0.0036,0.0101,0.0015
linear_homogeneous,genes only,40,1,100,1,100,63.1,0.0172,0.195,0.3728,0.0457,0.0034,0.002,0.0021,0.0015
linear_homogeneous,genes only,40,1,150,0,100,94.8,0.0243,0.0243,0.129,0.0117,0.003,0.003,0.0094,0.0014
linear_homogeneous,genes only,40,1,150,1,100,94.8,0.014,0.1924,0.3708,0.0455,0.0027,0.0017,0.0024,0.0015
linear_homogeneous,genes only,40,1,300,0,100,189.4,0.0132,0.0132,0.1031,0.0055,0.0023,0.0023,0.0084,0.001
linear_homogeneous,genes only,40,1,300,1,100,189.4,0.0063,0.1894,0.3725,0.0444,0.0021,0.0015,0.0021,0.0015
linear_homogeneous,genes only,40,3,100,0,100,63.1,0.0111,0.0111,0.0959,0.0059,0.0022,0.0022,0.0084,0.001
linear_homogeneous,genes only,40,3,100,1,100,63.1,0.0159,0.0937,0.3271,0.0336,0.002,0.002,0.005,0.0013
linear_homogeneous,genes only,40,3,150,0,100,94.8,0.008,0.008,0.0859,0.004,0.002,0.002,0.0066,0.0008
linear_homogeneous,genes only,40,3,150,1,100,94.8,0.012,0.0906,0.3263,0.0331,0.0018,0.0017,0.0049,0.0013
linear_homogeneous,genes only,40,3,300,0,100,189.4,0.004,0.004,0.0727,0.0017,0.0013,0.0013,0.0048,0.0004
linear_homogeneous,genes only,40,3,300,1,100,189.4,0.0055,0.0874,0.3328,0.0337,0.0013,0.0013,0.0048,0.0013
linear_homogeneous,genes only,40,5,100,0,100,63.1,0.0052,0.0052,0.0831,0.0032,0.0017,0.0017,0.0069,0.0006
linear_homogeneous,genes only,40,5,100,1,100,63.1,0.0111,0.0595,0.3016,0.0289,0.0016,0.0018,0.0075,0.0013
linear_homogeneous,genes only,40,5,150,0,100,94.8,0.0035,0.0035,0.0787,0.0021,0.0015,0.0015,0.0063,0.0005
linear_homogeneous,genes only,40,5,150,1,100,94.8,0.0081,0.0569,0.301,0.0281,0.0014,0.0016,0.0055,0.0012
linear_homogeneous,genes only,40,5,300,0,100,189.4,0.0021,0.0021,0.0707,0.0009,0.0011,0.0011,0.0044,0.0002
linear_homogeneous,genes only,40,5,300,1,100,189.4,0.0041,0.0519,0.2907,0.0253,0.001,0.0014,0.0067,0.0011
null_heterogeneous,genes + clinical,12,1,100,0,100,54.2,0.0214,0.0214,0.1129,0.0138,0.004,0.004,0.0106,0.0018
null_heterogeneous,genes + clinical,12,1,100,1,100,54.2,0.0059,0.1781,0.3504,0.043,0.0042,0.0025,0.0023,0.0017
null_heterogeneous,genes + clinical,12,1,150,0,100,81.2,0.0152,0.0152,0.0987,0.0101,0.0033,0.0033,0.0102,0.0016
null_heterogeneous,genes + clinical,12,1,150,1,100,81.2,0.0043,0.1785,0.3527,0.0433,0.0034,0.0021,0.0024,0.0018
null_heterogeneous,genes + clinical,12,1,300,0,100,162.2,0.0074,0.0074,0.0671,0.0039,0.0024,0.0024,0.0076,0.0009
null_heterogeneous,genes + clinical,12,1,300,1,100,162.2,0.0016,0.1775,0.3534,0.0427,0.0024,0.0017,0.0022,0.0016
null_heterogeneous,genes + clinical,12,3,100,0,100,54.2,0.0044,0.0044,0.0604,0.0037,0.0025,0.0025,0.0061,0.0009
null_heterogeneous,genes + clinical,12,3,100,1,100,54.2,0.006,0.0875,0.3319,0.0407,0.0025,0.0022,0.0049,0.0014
null_heterogeneous,genes + clinical,12,3,150,0,100,81.2,0.0026,0.0026,0.0536,0.0022,0.0022,0.0022,0.0056,0.0006
null_heterogeneous,genes + clinical,12,3,150,1,100,81.2,0.0026,0.0869,0.3397,0.0412,0.0021,0.0017,0.0031,0.0013
null_heterogeneous,genes + clinical,12,3,300,0,100,162.2,-0.0002,-0.0002,0.0484,0.0009,0.0014,0.0014,0.0048,0.0003
null_heterogeneous,genes + clinical,12,3,300,1,100,162.2,-0.0003,0.0859,0.3445,0.0409,0.0015,0.0013,0.003,0.0014
null_heterogeneous,genes + clinical,12,5,100,0,100,54.2,0.003,0.003,0.0545,0.0027,0.002,0.002,0.0048,0.0007
null_heterogeneous,genes + clinical,12,5,100,1,100,54.2,0.0076,0.0513,0.2698,0.0314,0.0021,0.0026,0.0123,0.0018
null_heterogeneous,genes + clinical,12,5,150,0,100,81.2,0.0009,0.0009,0.0463,0.0006,0.0017,0.0017,0.0039,0.0002
null_heterogeneous,genes + clinical,12,5,150,1,100,81.2,0.005,0.0476,0.2609,0.0287,0.0017,0.0025,0.0129,0.0018
null_heterogeneous,genes + clinical,12,5,300,0,100,162.2,-0.0011,-0.0011,0.0416,0.0001,0.0012,0.0012,0.0033,0.0001
null_heterogeneous,genes + clinical,12,5,300,1,100,162.2,0.0015,0.0487,0.2849,0.0314,0.0013,0.0022,0.0122,0.0018
null_heterogeneous,genes + clinical,40,1,100,0,100,54.2,0.0313,0.0313,0.1362,0.0195,0.0042,0.0042,0.0105,0.002
null_heterogeneous,genes + clinical,40,1,100,1,100,54.2,0.0207,0.1843,0.3479,0.0456,0.004,0.0023,0.0023,0.0017
null_heterogeneous,genes + clinical,40,1,150,0,100,81.2,0.0192,0.0192,0.1064,0.0119,0.0035,0.0035,0.0101,0.0016
null_heterogeneous,genes + clinical,40,1,150,1,100,81.2,0.0149,0.1825,0.3502,0.045,0.0032,0.002,0.0023,0.0017
null_heterogeneous,genes + clinical,40,1,300,0,100,162.2,0.0116,0.0116,0.0832,0.0069,0.0024,0.0024,0.0085,0.0012
null_heterogeneous,genes + clinical,40,1,300,1,100,162.2,0.0078,0.179,0.3502,0.0431,0.0023,0.0016,0.002,0.0015
null_heterogeneous,genes + clinical,40,3,100,0,100,54.2,0.0079,0.0079,0.0762,0.006,0.0025,0.0025,0.008,0.0011
null_heterogeneous,genes + clinical,40,3,100,1,100,54.2,0.0119,0.0906,0.3266,0.0411,0.0024,0.002,0.0042,0.0014
null_heterogeneous,genes + clinical,40,3,150,0,100,81.2,0.0042,0.0042,0.0597,0.003,0.0022,0.0022,0.0062,0.0007
null_heterogeneous,genes + clinical,40,3,150,1,100,81.2,0.0074,0.0887,0.3324,0.0408,0.0021,0.0016,0.0035,0.0014
null_heterogeneous,genes + clinical,40,3,300,0,100,162.2,0.0002,0.0002,0.0508,0.001,0.0015,0.0015,0.0053,0.0004
null_heterogeneous,genes + clinical,40,3,300,1,100,162.2,0.0028,0.0865,0.3374,0.0403,0.0014,0.0013,0.0033,0.0013
null_heterogeneous,genes + clinical,40,5,100,0,100,54.2,0.0046,0.0046,0.0598,0.0035,0.0021,0.0021,0.006,0.0008
null_heterogeneous,genes + clinical,40,5,100,1,100,54.2,0.0121,0.0543,0.2655,0.0313,0.0021,0.0023,0.0102,0.0017
null_heterogeneous,genes + clinical,40,5,150,0,100,81.2,0.0017,0.0017,0.0509,0.0012,0.0017,0.0017,0.0048,0.0004
null_heterogeneous,genes + clinical,40,5,150,1,100,81.2,0.0089,0.0509,0.2614,0.0294,0.0017,0.0024,0.0113,0.0016
null_heterogeneous,genes + clinical,40,5,300,0,100,162.2,-0.0007,-0.0007,0.0431,0.0004,0.0012,0.0012,0.0037,0.0002
null_heterogeneous,genes + clinical,40,5,300,1,100,162.2,0.0038,0.0489,0.2741,0.0302,0.0013,0.0021,0.0109,0.0017
null_heterogeneous,genes only,12,1,100,0,100,54.2,0.0462,0.0462,0.3285,0.0066,0.0035,0.0035,0.0117,0.0006
null_heterogeneous,genes only,12,1,100,1,100,54.2,0.0191,0.2333,0.4475,0.0069,0.004,0.0022,0.0025,0.0005
null_heterogeneous,genes only,12,1,150,0,100,81.2,0.038,0.038,0.3359,0.0064,0.003,0.003,0.0106,0.0006
null_heterogeneous,genes only,12,1,150,1,100,81.2,0.0107,0.2324,0.454,0.0069,0.0036,0.0018,0.0017,0.0006
null_heterogeneous,genes only,12,1,300,0,100,162.2,0.0261,0.0261,0.3379,0.0064,0.0022,0.0022,0.0102,0.0005
null_heterogeneous,genes only,12,1,300,1,100,162.2,0.0041,0.2306,0.457,0.0068,0.0027,0.0015,0.0014,0.0006
null_heterogeneous,genes only,12,3,100,0,100,54.2,0.0254,0.0254,0.3333,0.0074,0.002,0.002,0.0111,0.0006
null_heterogeneous,genes only,12,3,100,1,100,54.2,0.0145,0.1206,0.4391,0.0067,0.0024,0.0018,0.0031,0.0005
null_heterogeneous,genes only,12,3,150,0,100,81.2,0.0202,0.0202,0.3416,0.0074,0.0017,0.0017,0.0112,0.0006
null_heterogeneous,genes only,12,3,150,1,100,81.2,0.0116,0.1189,0.4409,0.007,0.0018,0.0013,0.003,0.0006
null_heterogeneous,genes only,12,3,300,0,100,162.2,0.0155,0.0155,0.3427,0.0067,0.0014,0.0014,0.0101,0.0006
null_heterogeneous,genes only,12,3,300,1,100,162.2,0.0082,0.1172,0.4442,0.0072,0.0016,0.0012,0.0027,0.0006
null_heterogeneous,genes only,12,5,100,0,100,54.2,0.0194,0.0194,0.3422,0.0069,0.0017,0.0017,0.0114,0.0006
null_heterogeneous,genes only,12,5,100,1,100,54.2,0.0147,0.0836,0.4283,0.0067,0.0018,0.0015,0.0039,0.0006
null_heterogeneous,genes only,12,5,150,0,100,81.2,0.0162,0.0162,0.3339,0.0069,0.0014,0.0014,0.0118,0.0006
null_heterogeneous,genes only,12,5,150,1,100,81.2,0.0114,0.0813,0.4307,0.0065,0.0014,0.0012,0.0037,0.0006
null_heterogeneous,genes only,12,5,300,0,100,162.2,0.0118,0.0118,0.3268,0.0068,0.0011,0.0011,0.0109,0.0006
null_heterogeneous,genes only,12,5,300,1,100,162.2,0.007,0.0795,0.4421,0.0074,0.001,0.0009,0.003,0.0006
null_heterogeneous,genes only,40,1,100,0,100,54.2,0.0557,0.0557,0.3531,0.0079,0.0035,0.0035,0.0097,0.0006
null_heterogeneous,genes only,40,1,100,1,100,54.2,0.034,0.2395,0.445,0.0086,0.0036,0.0021,0.002,0.0006
null_heterogeneous,genes only,40,1,150,0,100,81.2,0.0457,0.0457,0.3519,0.0078,0.003,0.003,0.0094,0.0006
null_heterogeneous,genes only,40,1,150,1,100,81.2,0.0233,0.2364,0.4496,0.0083,0.0034,0.0017,0.0016,0.0006
null_heterogeneous,genes only,40,1,300,0,100,162.2,0.032,0.032,0.3405,0.0076,0.0021,0.0021,0.0103,0.0005
null_heterogeneous,genes only,40,1,300,1,100,162.2,0.0161,0.2338,0.4514,0.008,0.0024,0.0014,0.0014,0.0006
null_heterogeneous,genes only,40,3,100,0,100,54.2,0.0294,0.0294,0.3342,0.0083,0.0019,0.0019,0.0101,0.0005
null_heterogeneous,genes only,40,3,100,1,100,54.2,0.0204,0.1245,0.437,0.008,0.0021,0.0016,0.0027,0.0005
null_heterogeneous,genes only,40,3,150,0,100,81.2,0.0244,0.0244,0.3367,0.0085,0.0016,0.0016,0.0098,0.0005
null_heterogeneous,genes only,40,3,150,1,100,81.2,0.0156,0.1217,0.44,0.0082,0.0018,0.0014,0.0024,0.0005
null_heterogeneous,genes only,40,3,300,0,100,162.2,0.0189,0.0189,0.3562,0.0087,0.0013,0.0013,0.0086,0.0006
null_heterogeneous,genes only,40,3,300,1,100,162.2,0.0117,0.1203,0.4459,0.0083,0.0015,0.0012,0.002,0.0005
null_heterogeneous,genes only,40,5,100,0,100,54.2,0.0238,0.0238,0.344,0.0085,0.0016,0.0016,0.0109,0.0005
null_heterogeneous,genes only,40,5,100,1,100,54.2,0.0191,0.087,0.4264,0.008,0.0017,0.0015,0.0034,0.0005
null_heterogeneous,genes only,40,5,150,0,100,81.2,0.0204,0.0204,0.3401,0.0086,0.0013,0.0013,0.0108,0.0005
null_heterogeneous,genes only,40,5,150,1,100,81.2,0.0143,0.084,0.4326,0.0078,0.0014,0.0012,0.0031,0.0005
null_heterogeneous,genes only,40,5,300,0,100,162.2,0.0142,0.0142,0.3484,0.0079,0.0011,0.0011,0.01,0.0006
null_heterogeneous,genes only,40,5,300,1,100,162.2,0.0098,0.0819,0.442,0.0079,0.0011,0.001,0.0022,0.0005
null_homogeneous,genes + clinical,12,1,100,0,100,64.0,0.0159,0.0159,0.103,0.0131,0.0037,0.0037,0.0106,0.0019
null_homogeneous,genes + clinical,12,1,100,1,100,64.0,-0.0013,0.1697,0.3407,0.0412,0.0041,0.0022,0.0018,0.0012
null_homogeneous,genes + clinical,12,1,150,0,100,95.9,0.0088,0.0088,0.0888,0.0096,0.003,0.003,0.0095,0.0016
null_homogeneous,genes + clinical,12,1,150,1,100,95.9,-0.0051,0.1685,0.342,0.0411,0.003,0.0018,0.0014,0.0012
null_homogeneous,genes + clinical,12,1,300,0,100,191.6,0.0029,0.0029,0.0561,0.0041,0.0023,0.0023,0.0062,0.0009
null_homogeneous,genes + clinical,12,1,300,1,100,191.6,-0.0022,0.1699,0.342,0.0405,0.0023,0.0014,0.0014,0.0011
null_homogeneous,genes + clinical,12,3,100,0,100,64.0,0.0036,0.0036,0.0657,0.0051,0.0023,0.0023,0.008,0.001
null_homogeneous,genes + clinical,12,3,100,1,100,64.0,0.0056,0.0868,0.3304,0.0402,0.0021,0.0018,0.0032,0.0011
null_homogeneous,genes + clinical,12,3,150,0,100,95.9,0.0016,0.0016,0.0493,0.003,0.002,0.002,0.0053,0.0008
null_homogeneous,genes + clinical,12,3,150,1,100,95.9,0.0031,0.086,0.3345,0.0403,0.0016,0.0014,0.0028,0.0011
null_homogeneous,genes + clinical,12,3,300,0,100,191.6,-0.0004,-0.0004,0.0368,0.0007,0.0014,0.0014,0.0033,0.0003
null_homogeneous,genes + clinical,12,3,300,1,100,191.6,0.0015,0.0859,0.3393,0.0402,0.0013,0.0012,0.0018,0.0011
null_homogeneous,genes + clinical,12,5,100,0,100,64.0,0.0003,0.0003,0.0401,0.0012,0.0018,0.0018,0.004,0.0005
null_homogeneous,genes + clinical,12,5,100,1,100,64.0,0.0079,0.0541,0.285,0.0342,0.0019,0.0022,0.0102,0.0016
null_homogeneous,genes + clinical,12,5,150,0,100,95.9,0.0003,0.0003,0.0402,0.0011,0.0016,0.0016,0.004,0.0005
null_homogeneous,genes + clinical,12,5,150,1,100,95.9,0.0054,0.053,0.2913,0.0342,0.0014,0.002,0.01,0.0015
null_homogeneous,genes + clinical,12,5,300,0,100,191.6,0.0001,0.0001,0.0344,0.0,0.0011,0.0011,0.0031,0.0
null_homogeneous,genes + clinical,12,5,300,1,100,191.6,0.0036,0.0538,0.3052,0.0356,0.0011,0.0016,0.009,0.0015
null_homogeneous,genes + clinical,40,1,100,0,100,64.0,0.0232,0.0232,0.12,0.0158,0.0039,0.0039,0.0108,0.0019
null_homogeneous,genes + clinical,40,1,100,1,100,64.0,0.0113,0.1739,0.3365,0.0431,0.0039,0.0021,0.0019,0.0013
null_homogeneous,genes + clinical,40,1,150,0,100,95.9,0.0162,0.0162,0.1136,0.0138,0.0029,0.0029,0.0109,0.0019
null_homogeneous,genes + clinical,40,1,150,1,100,95.9,0.0037,0.1716,0.3394,0.0429,0.003,0.0017,0.0015,0.0012
null_homogeneous,genes + clinical,40,1,300,0,100,191.6,0.0065,0.0065,0.0709,0.0068,0.0023,0.0023,0.0076,0.0012
null_homogeneous,genes + clinical,40,1,300,1,100,191.6,0.0016,0.1709,0.3402,0.0413,0.0023,0.0014,0.0013,0.0011
null_homogeneous,genes + clinical,40,3,100,0,100,64.0,0.0063,0.0063,0.0705,0.0065,0.0024,0.0024,0.0071,0.001
null_homogeneous,genes + clinical,40,3,100,1,100,64.0,0.0107,0.0881,0.3201,0.0395,0.0021,0.0018,0.0038,0.0012
null_homogeneous,genes + clinical,40,3,150,0,100,95.9,0.0038,0.0038,0.0561,0.0047,0.002,0.002,0.0059,0.001
null_homogeneous,genes + clinical,40,3,150,1,100,95.9,0.0074,0.087,0.3259,0.0399,0.0016,0.0014,0.0033,0.0011
null_homogeneous,genes + clinical,40,3,300,0,100,191.6,0.0004,0.0004,0.0402,0.0014,0.0014,0.0014,0.0042,0.0005
null_homogeneous,genes + clinical,40,3,300,1,100,191.6,0.0042,0.0863,0.3328,0.0401,0.0013,0.0011,0.0024,0.0011
null_homogeneous,genes + clinical,40,5,100,0,100,64.0,0.0032,0.0032,0.0558,0.0035,0.002,0.002,0.0067,0.0008
null_homogeneous,genes + clinical,40,5,100,1,100,64.0,0.0112,0.0557,0.2781,0.0332,0.0019,0.002,0.0076,0.0013
null_homogeneous,genes + clinical,40,5,150,0,100,95.9,0.0009,0.0009,0.0422,0.0016,0.0016,0.0016,0.0047,0.0006
null_homogeneous,genes + clinical,40,5,150,1,100,95.9,0.0078,0.0534,0.2817,0.0326,0.0015,0.0018,0.0089,0.0014
null_homogeneous,genes + clinical,40,5,300,0,100,191.6,0.0001,0.0001,0.0327,0.0001,0.0011,0.0011,0.0028,0.0
null_homogeneous,genes + clinical,40,5,300,1,100,191.6,0.005,0.0548,0.3037,0.0353,0.0012,0.0014,0.0064,0.0012
null_homogeneous,genes only,12,1,100,0,100,64.0,0.0433,0.0433,0.3197,0.007,0.0031,0.0031,0.0123,0.0005
null_homogeneous,genes only,12,1,100,1,100,64.0,0.0106,0.2308,0.451,0.0064,0.0042,0.0021,0.0019,0.0004
null_homogeneous,genes only,12,1,150,0,100,95.9,0.0331,0.0331,0.3323,0.007,0.0027,0.0027,0.0109,0.0005
null_homogeneous,genes only,12,1,150,1,100,95.9,0.0053,0.2293,0.4534,0.0065,0.0033,0.0017,0.0015,0.0004
null_homogeneous,genes only,12,1,300,0,100,191.6,0.0234,0.0234,0.3285,0.0062,0.0019,0.0019,0.0111,0.0004
null_homogeneous,genes only,12,1,300,1,100,191.6,0.003,0.2295,0.4561,0.0065,0.0021,0.0012,0.0007,0.0004
null_homogeneous,genes only,12,3,100,0,100,64.0,0.0251,0.0251,0.3254,0.0064,0.0019,0.0019,0.0108,0.0005
null_homogeneous,genes only,12,3,100,1,100,64.0,0.014,0.12,0.438,0.0063,0.0022,0.0016,0.0032,0.0004
null_homogeneous,genes only,12,3,150,0,100,95.9,0.0216,0.0216,0.3047,0.0066,0.0015,0.0015,0.0116,0.0005
null_homogeneous,genes only,12,3,150,1,100,95.9,0.0103,0.1187,0.4438,0.0062,0.0018,0.0013,0.0027,0.0004
null_homogeneous,genes only,12,3,300,0,100,191.6,0.0154,0.0154,0.3154,0.0058,0.0011,0.0011,0.0117,0.0005
null_homogeneous,genes only,12,3,300,1,100,191.6,0.0063,0.1171,0.4497,0.0065,0.0014,0.0011,0.0022,0.0004
null_homogeneous,genes only,12,5,100,0,100,64.0,0.021,0.021,0.3179,0.0065,0.0016,0.0016,0.011,0.0005
null_homogeneous,genes only,12,5,100,1,100,64.0,0.0137,0.0822,0.4249,0.006,0.0018,0.0015,0.0036,0.0004
null_homogeneous,genes only,12,5,150,0,100,95.9,0.0173,0.0173,0.295,0.0062,0.0012,0.0012,0.0123,0.0005
null_homogeneous,genes only,12,5,150,1,100,95.9,0.0107,0.0814,0.4346,0.0062,0.0014,0.0012,0.0034,0.0004
null_homogeneous,genes only,12,5,300,0,100,191.6,0.0125,0.0125,0.3204,0.0062,0.0011,0.0011,0.0113,0.0005
null_homogeneous,genes only,12,5,300,1,100,191.6,0.007,0.0792,0.4399,0.0064,0.0011,0.001,0.0031,0.0004
null_homogeneous,genes only,40,1,100,0,100,64.0,0.0505,0.0505,0.3326,0.0083,0.0031,0.0031,0.0112,0.0005
null_homogeneous,genes only,40,1,100,1,100,64.0,0.0271,0.2356,0.4442,0.0077,0.0038,0.002,0.0018,0.0005
null_homogeneous,genes only,40,1,150,0,100,95.9,0.0392,0.0392,0.3387,0.0074,0.0027,0.0027,0.0097,0.0005
null_homogeneous,genes only,40,1,150,1,100,95.9,0.0143,0.2315,0.4486,0.0075,0.0033,0.0017,0.0014,0.0005
null_homogeneous,genes only,40,1,300,0,100,191.6,0.0293,0.0293,0.3396,0.0081,0.0019,0.0019,0.0096,0.0004
null_homogeneous,genes only,40,1,300,1,100,191.6,0.0087,0.2307,0.4527,0.008,0.0022,0.0011,0.0009,0.0004
null_homogeneous,genes only,40,3,100,0,100,64.0,0.0304,0.0304,0.3273,0.0078,0.0018,0.0018,0.0101,0.0005
null_homogeneous,genes only,40,3,100,1,100,64.0,0.0197,0.1239,0.4367,0.0073,0.002,0.0015,0.0026,0.0005
null_homogeneous,genes only,40,3,150,0,100,95.9,0.0252,0.0252,0.3146,0.0076,0.0014,0.0014,0.0109,0.0005
null_homogeneous,genes only,40,3,150,1,100,95.9,0.0158,0.1214,0.4383,0.0076,0.0016,0.0012,0.0025,0.0005
null_homogeneous,genes only,40,3,300,0,100,191.6,0.0193,0.0193,0.3329,0.0078,0.0011,0.0011,0.0099,0.0005
null_homogeneous,genes only,40,3,300,1,100,191.6,0.0108,0.1191,0.4441,0.0079,0.0013,0.001,0.0021,0.0005
null_homogeneous,genes only,40,5,100,0,100,64.0,0.024,0.024,0.3319,0.0074,0.0015,0.0015,0.0098,0.0005
null_homogeneous,genes only,40,5,100,1,100,64.0,0.0186,0.0866,0.4266,0.0075,0.0017,0.0014,0.0031,0.0005
null_homogeneous,genes only,40,5,150,0,100,95.9,0.0208,0.0208,0.3176,0.0079,0.0012,0.0012,0.0119,0.0005
null_homogeneous,genes only,40,5,150,1,100,95.9,0.0147,0.0847,0.4351,0.0079,0.0013,0.0011,0.0029,0.0005
null_homogeneous,genes only,40,5,300,0,100,191.6,0.0148,0.0148,0.3405,0.0071,0.001,0.001,0.0092,0.0004
null_homogeneous,genes only,40,5,300,1,100,191.6,0.0093,0.0812,0.4408,0.0078,0.001,0.0009,0.0022,0.0005
