file,bytes,sha256
breast/CAL/clinical.csv,48932,18ab08a952cd2bdeb6f07f0bcbab9bf330f8e9d5446af98d8afdc623305c3e6e
breast/CAL/expression.csv.gz,9963496,261868fbd94b2fca8fca674b9c9eeb75ec890b8bc4344e5370065a89b94a4d8d
breast/DFHCC/clinical.csv,43839,c2a0e772a56df4291b7391f099bae0a7abdc2f3bb73321b40972b522b5c54333
breast/DFHCC/expression.csv.gz,38258423,81af18919cac8040071a7c3114c6b8eedfd6d43c8aa2c4ee39c115bd090171ab
breast/DFHCC2/clinical.csv,30886,6b4c85771aeac430cfed73fdeb60b2655c2edab83818e26c63539301da2765da
breast/DFHCC2/expression.csv.gz,5710095,3a889c65d32f1f9b80c9620aae79443be9f1e69342ebcd00a55e9ebfbe1aec5a
breast/DFHCC3/clinical.csv,12557,f5979835d3376d5777f9faf5c160c67e5611ae95e010848f97f5d3b7a22f4b5b
breast/DFHCC3/expression.csv.gz,6946146,952d9d2174c5a561f4c4af968c58b10d948dfaaad53308cbf77187c48db6208c
breast/DUKE/clinical.csv,56876,3642d572997db175cceb04b3b31d27d80efbef736a5c56a78bf13621c6023bcc
breast/DUKE/expression.csv.gz,4604835,552c606d9f8a623c24f5e1232f9de16bbac335b6d2710918db0abdbbff3eec07
breast/DUKE2/clinical.csv,53099,16f7a8ce201793d456ad7f94d57e499011a0ce13cbfdc452a3b46afd9e9408d0
breast/DUKE2/expression.csv.gz,39852316,ee79e84cac6f3bc91be371e9b92d4468d994673844cd4d75590c87f15172762b
breast/EMC2/clinical.csv,63840,dd5a8e62ac6d343f501f364d7e50098731c478e0e7eb2bb8127984fb7a1ddc1f
breast/EMC2/expression.csv.gz,64586536,682c93167100c366045a3dd549e38243c7da9236b5ce8dbb6502388580b477a8
breast/EORTC10994/clinical.csv,18321,a3c24333321ab6f73dfd8acd2f7d5af8d878b032c503a0c00b2949a7c3466037
breast/EORTC10994/expression.csv.gz,5679968,2a24e35dd79aa59eeaaba3e851fcd0ecaa30f612861d0110dc253644485e4410
breast/EXPO/clinical.csv,112520,0e9edcc73ee05c495a93e53689ccaf82064e4e339b4c38f6d654b1ac4044aefa
breast/EXPO/expression.csv.gz,119104653,b4768d51cca69d1f33b9537099f690942ff123c9981e2fceae426e470131f817
breast/FNCLCC/clinical.csv,54802,f6f7debbfb8a0b8826de4e5e225b13784a39891fc7fe153f0e68d5def6355bcf
breast/FNCLCC/expression.csv.gz,4730000,94a3aa7d71aba63e867be3c3afb66c21358e474780ec9e3909dac682c67511d6
breast/GSE25066/clinical.csv,532866,38614836505341e11dc84039cd38617c4fc3bbfe8c12186bc90ff588722a2637
breast/GSE25066/expression.csv.gz,58647583,c85b30929e39d866ade554f779fcdb6e71597b74ca628cfb1ac3ca8966568ed4
breast/GSE32646/clinical.csv,69138,a0fd7616fd41f182df094929441830d425336fb8aa7fd49f13eb30911bb77900
breast/GSE32646/expression.csv.gz,27125237,282385da63937598352d3d72d6da26fd27f48da8154ad838cded93b869258fc4
breast/GSE48091/clinical.csv,314017,e1c70e8e5152f6ea5b733f391ecf05939814e5e53a930df94b3d37be9ba338e6
breast/GSE48091/expression.csv.gz,115353239,a124ce30028d6cfe96c0d5747a2960576894a2b877b2f90bedf604eef3a76c89
breast/GSE58644/clinical.csv,220162,d19f02ea41f389b391781746af45458f5276d5fa6b747f858453205e93cf3603
breast/GSE58644/expression.csv.gz,38004696,546c3b17e3268a4fdb188fd424530a23535946b5d1c7a57fc5484a709c40f8ba
breast/HLP/clinical.csv,16723,1bd7aa460824a760a1c9353fe2cfe00b12fcdb714a389f9f7b2cb537e2db6593
breast/HLP/expression.csv.gz,7691386,6bd75db173e141ba4db802692290d31456ca49ac631cdbb77877dbb412a68b38
breast/IRB/clinical.csv,44120,e02d4770c8e6ce946dffb3fcc5c177185aa2ed2751843f0ab6bfdff7a44e04f3
breast/IRB/expression.csv.gz,45991081,690245c5b05393a2c962b271793eb6dad94c2b7c8458d4f4dc210fcc8dd08a91
breast/KOO/clinical.csv,30963,70c04b391553b7ded342a4b99f5466d50a874f3b88d9d5d5e60a18da95d7869c
breast/KOO/expression.csv.gz,105109,9108fa26e38879064ac7d2305df1d640332da685b67081cbe58634dda3672802
breast/LUND/clinical.csv,50010,fd8bc4ea2da795d968901cebbeb7b8cbd33d97d7b9ec34b795e0c4dee1a0c4b9
breast/LUND/expression.csv.gz,7832705,b6b6763e0e91722c2670e48193f84ac6e88537e2e62f1dd6d1117a8383effa99
breast/LUND2/clinical.csv,35217,ed0cd69bf005fa4fdcb408354ce157f88a833af6bc4ae8000b6e95c8fb46e45d
breast/LUND2/expression.csv.gz,8383628,88311775ff589bbcaa3be50c310c56c503985438316d7f6db7c4db2b31641553
breast/MAINZ/clinical.csv,82760,d72662fb66de4a2ccd093c16ffc36b66b0c749664b534854d9ba5a9174188d2e
breast/MAINZ/expression.csv.gz,33447296,ae21f8fb8713e1d989fde880388f878328d86b0b027482fa197d65f2c0fdb132
breast/MAQC2/clinical.csv,76342,8cab24da0aa38c853fee830e32d5d313fa6f79c22529722f6b673365aeb78314
breast/MAQC2/expression.csv.gz,13673456,0fa0e0ddd75d5d90498f57852576eda02fd76c7d20be12d169b82a1d11859187
breast/MCCC/clinical.csv,23152,209e4e0d49d8fca19dfaecde3207075c97996b22a704623dadc888591e317de0
breast/MCCC/expression.csv.gz,6864745,5c247c2da36aceffc176c74c2f86e9caeec1d0366439da4646df7827bcefcf43
breast/MDA4/clinical.csv,43205,2d66b0d92e0ffd207f67d651e9adbc3da3f135bf7b3dfa7f19419117616c1ad9
breast/MDA4/expression.csv.gz,21476256,ace83444ed9cfebb7b82e9c01ba201e2dcdd0e5852f0749ccffda6a2ff1bdf9f
breast/METABRIC/clinical.csv,2162981,2a9467284522481bf24a93fe959dbc2173a3a635c243afe9d41f3d909148a60d
breast/METABRIC/expression.csv.gz,607232211,d3a123ff17967554c6a3cc6ab9b9d4c1b1ecc2e61430b839853f459c4254bcbe
breast/MSK/clinical.csv,33239,a9ff4c4c3ca89cc997a3a7fe3ae90ca8f2390cab9c9f8457b37e2ca545f9aa03
breast/MSK/expression.csv.gz,11983551,10f5a54bdb24d776ed87253a70764a3a92fc7212118ff1b64b567ce19997cba0
breast/MUG/clinical.csv,48384,161852f77d9284159895a0bdf0290da9e803781fbca1e499530eb7451b29bab5
breast/MUG/expression.csv.gz,11410888,43e8b5b1e326869a384ddcc165093ecef39e9b6d188de41c79118a5c21bc148a
breast/NCCS/clinical.csv,52882,bd9ce14f5add6eb5662c905d5bc3b90105ba57c271190384865852b27f1534ee
breast/NCCS/expression.csv.gz,30589549,6867c8544db517e25f29d9d513f631db4cf2f051ccbbcd1a5a64e40d6bf8c953
breast/NCI/clinical.csv,33326,e9198459ceff73e4efd02237da27b0b1ce82d2ef40550a4a1de3877ca8a98cd9
breast/NCI/expression.csv.gz,1050583,0269149aa37681d2de33f2640e0f4818224f6ff4e59122e00aa862c361467444
breast/NKI/clinical.csv,116719,abe15157c5d29c15722e8a225252dff46a2ce101f2d9c79c3b799483d5152f82
breast/NKI/expression.csv.gz,9060763,1163895b432679aa6ef03c78ae57784e58720fdc57041a24f0fd468b454cb227
breast/PNC/clinical.csv,32159,b55f9b04ae3925c7993066f765629e98486a9cbc155d2b78145616c50ca63c79
breast/PNC/expression.csv.gz,30505749,daa4c19bc8c0ad7fc33e0a4a3e1cfa92786cb4a103ecae91fd03e91310a95462
breast/STK/clinical.csv,50986,817f9a67a45f1610d236d7e483ce996e429fb2c776ab34594b179702cef30693
breast/STK/expression.csv.gz,43181107,954d3fc4dc27b802cd5a35a27d991e3a62fb12a829f6131f1c704c247f84c8b4
breast/STNO2/clinical.csv,43460,5261610be484ce28a29b620be8cd3736ed1b381a5698c8a0ecbcc365cd6c936c
breast/STNO2/expression.csv.gz,943502,4b69bd5c051d59272557d348881ac4be2b2f8b1df2af850f37b41190b2e00f46
breast/TCGA/clinical.csv,610423,90d8e3569553e711a0a0f7cef496ecdba6a2aeb7ebb8dcfb2f49b2210ec76292
breast/TCGA/expression.csv.gz,112401752,4999e6c543af16307d88ba4993bbcba04564d5a6a83e4ad71a5c53953eab601f
breast/TRANSBIG/clinical.csv,76026,a80fa21fe07fc9c483dd3eeeb5297447e72a52795424c2685a0721a7da76cc41
breast/TRANSBIG/expression.csv.gz,33132156,96230082d085277470e8dec9a256bd01df2ce7dd51dcc66fa5dd4123261c2182
breast/UCSF/clinical.csv,60203,f5f2ee76c966794100420ae2668c6af73214aeafc80b075587b4478fe869894c
breast/UCSF/expression.csv.gz,6577214,7a92e317f27663ab104baf60c13bb2663d935c597ccd9a66d8f5640870890f9f
breast/UNC4/clinical.csv,104501,76580f18bc7f9371a304b4fa4477823653e58900414321367ef10105512327c6
breast/UNC4/expression.csv.gz,2829580,386a193389c103719427a34adaaa82df37a5384540edb2a17c4d1cecfd772f78
breast/UNT/clinical.csv,46467,37a6a8d1c301c17d379ee443f58c449163cc3ef71000505ef75c0ea10374c3ba
breast/UNT/expression.csv.gz,40485677,5c51ab9332f3586dab59b8d403183966b02566d38acbfc6f3918eb4969274593
breast/UPP/clinical.csv,86380,29abfd4c61368fc33377ccbe01aa77d1f76dc897f21164f2179ab3be973d574f
breast/UPP/expression.csv.gz,20022675,ff030eab3925645c7ed8b3c336531939bcdf7257062d564bbb951ce4fbde0961
breast/VDX/clinical.csv,109190,c2424ec12864c720fe940b5cf58d8240e46ee8c8af7a5bddc04ce490e312cbb7
breast/VDX/expression.csv.gz,42641029,ed94c58c70a52e9a9f389b9b4595bbe183d48cecee8932cc2f8a8d9c4fce56d9
breast_duplicates.csv,19496,383261177ecc0e05524c923a7c21073b462f76abe0e0c8c7f1cacdabc3b8288a
