cohort_a,sample_a,cohort_b,sample_b,r,gap,annotated,by_gap,by_clinical_identity,by_sample_code
CAL,CAL_091604_WN405650_LBLPOPII.A02,UCSF,UCSF_S0071,0.4673977957936372,0.16199230753685662,False,False,True,False
CAL,CAL_091604_WN405650_LBLPOPII.A03,UCSF,UCSF_S0077,0.30407018886047776,0.16084226900029389,False,False,True,False
CAL,CAL_091604_WN405650_LBLPOPII.A04,UCSF,UCSF_S0080,0.37535143531076864,0.18860310075882905,False,False,True,False
CAL,CAL_091604_WN405650_LBLPOPII.A11,UCSF,UCSF_S0084,0.4263207699467532,0.19310990815937215,False,False,True,False
CAL,CAL_091604_WN405650_LBLPOPII.B02,UCSF,UCSF_S0086,0.39266892056825686,0.20785821007569696,False,True,True,False
CAL,CAL_091604_WN405650_LBLPOPII.B10,UCSF,UCSF_S0088,0.49935983687264646,0.3620155787318676,False,True,True,False
CAL,CAL_091604_WN405650_LBLPOPII.B11,UCSF,UCSF_S0100,0.41955081749448625,0.19563935703072957,False,False,True,False
CAL,CAL_091604_WN405650_LBLPOPII.C04,UCSF,UCSF_S0103,0.2950557020458551,0.041139637234909654,False,False,True,False
CAL,CAL_091604_WN405650_LBLPOPII.C11,UCSF,UCSF_S0104,0.3182289379517761,0.1605578425994216,False,False,True,False
CAL,CAL_091604_WN405650_LBLPOPII.C12,UCSF,UCSF_S0106,0.335766743187491,0.15837753575741545,False,False,True,False
CAL,CAL_091604_WN405650_LBLPOPII.D04,UCSF,UCSF_S0107,0.25177185976790634,0.07413912792350455,False,False,True,False
CAL,CAL_091604_WN405650_LBLPOPII.D11,UCSF,UCSF_S0116,0.4268410795371384,0.29186745193255337,False,True,True,False
CAL,CAL_091604_WN405650_LBLPOPII.E01,UCSF,UCSF_S0132,0.40080778947686496,0.26265678142604076,False,True,True,False
CAL,CAL_091604_WN405650_LBLPOPII.F01,UCSF,UCSF_S0141,0.46845168928082137,0.29461588174477493,False,True,True,False
CAL,CAL_091604_WN405650_LBLPOPII.F02,UCSF,UCSF_S0146,0.39976385947979426,0.15587368864950535,False,False,True,False
CAL,CAL_091604_WN405650_LBLPOPII.F09,UCSF,UCSF_S0154,0.3022134611646886,0.18861889445232816,False,False,True,False
CAL,CAL_091604_WN405650_LBLPOPII.F10,UCSF,UCSF_S0162,0.46161935632064527,0.22681068907386262,False,True,True,False
CAL,CAL_091604_WN405650_LBLPOPII.G03,UCSF,UCSF_S0175,0.44542506266036214,0.2733380677031392,False,True,True,False
CAL,CAL_091604_WN405650_LBLPOPII.G11,UCSF,UCSF_S0181,0.3730207962241868,0.2663732718106467,False,True,True,False
CAL,CAL_LBL_POP5_4006154_240.D01_v4,UCSF,UCSF_S0195,0.37232550739118686,0.12448604915620021,False,False,True,False
CAL,CAL_LBL_POP5_4006154_240.D02_v4,UCSF,UCSF_S0200,0.480183353576066,0.2086844419189361,False,True,True,False
CAL,CAL_LBL_POP5_4006154_240.D04_v4,UCSF,UCSF_S0204,0.5214428468114728,0.3179467342659126,False,True,True,False
CAL,CAL_LBL_POP5_4006154_240.D05_v4,UCSF,UCSF_S0205,0.23205389923860828,0.09369603533559115,False,False,True,False
CAL,CAL_LBL_POP5_4006154_240.D08_v4,UCSF,UCSF_S0210,0.55718617343671,0.2414276468134815,False,True,True,False
CAL,CAL_LBL_POP5_4006154_240.D11_v4,UCSF,UCSF_S0229,0.5163530002637837,0.2941563939437838,False,True,True,False
CAL,CAL_LBL_POP5_4006154_240.E02_v4,UCSF,UCSF_S0350,0.3827521250288407,0.23418770627540764,False,True,True,False
CAL,CAL_LBL_POP5_4006154_240.E03_v4,UCSF,UCSF_S1511,0.32570216467972724,0.1828979115225344,False,False,True,False
CAL,CAL_LBL_POP5_4006154_240.E05_v4,UCSF,UCSF_S1551,0.34982544403436067,0.11788482452017296,False,False,True,False
CAL,CAL_LBL_POP5_4006154_240.G06_v4,UCSF,UCSF_B0370,0.2615571069064568,0.09294553171402697,False,False,True,False
CAL,CAL_LBL_POP5_4006154_240.G07_v4,UCSF,UCSF_S1616,0.4643888593724079,0.301803825487739,False,True,True,False
CAL,CAL_LBL_POP_W405609.A06,UCSF,UCSF_B0251,0.3802090894106903,0.16787497723566955,False,False,True,False
CAL,CAL_LBL_POP_W405609.A10,UCSF,UCSF_B0305,0.45982524261030727,0.23763953208317465,False,True,True,False
CAL,CAL_LBL_POP_W405609.B02,UCSF,UCSF_B0326,0.3536553041730507,0.2111324491731826,False,True,False,False
CAL,CAL_LBL_POP_W405609.B03,UCSF,UCSF_B0327,0.427467547843348,0.13584894974596146,False,False,True,False
CAL,CAL_LBL_POP_W405609.B06,UCSF,UCSF_B0336,0.1573286206858648,0.04960620228954041,False,False,True,False
CAL,CAL_LBL_POP_W405609.B09,UCSF,UCSF_B0339,0.36645676916153574,0.21696528601668616,False,True,True,False
CAL,CAL_LBL_POP_W405609.B10,UCSF,UCSF_B0340,0.24041207400357908,0.11382378233851884,False,False,True,False
CAL,CAL_LBL_POP_W405609.C02,UCSF,UCSF_B0354,0.32131062129711596,0.2103906302057928,False,True,True,False
CAL,CAL_LBL_POP_W405609.C04,UCSF,UCSF_B0359,0.4576999832773035,0.24309234205407546,False,True,False,False
CAL,CAL_LBL_POP_W405609.C08,UCSF,UCSF_B0374,0.24194263649967387,0.06661751680266795,False,False,True,False
CAL,CAL_LBL_POP_W405609.C10,UCSF,UCSF_B0383,0.3838082337323133,0.22679479468851146,False,True,False,False
CAL,CAL_LBL_POP_W405609.C11,UCSF,UCSF_B0387,0.48861579075265116,0.30439236046925944,False,True,False,False
CAL,CAL_LBL_POP_W405609.D11,UCSF,UCSF_B0499,0.3124066388554832,0.20188934566342528,False,True,True,False
CAL,CAL_LBL_POP_W405609.E02,UCSF,UCSF_B0504,0.45309821617145435,0.11040140512818802,False,False,True,False
CAL,CAL_LBL_POP_W405609.E03,UCSF,UCSF_B0512,0.41588730321101536,0.16571962450788857,False,False,True,False
CAL,CAL_LBL_POP_W405609.E10,UCSF,UCSF_B0556,0.29377084428488104,0.13192965142434113,False,False,True,False
CAL,CAL_LBL_POP_W405609.E11,UCSF,UCSF_B0565,0.39481238725000584,0.15169400509640907,False,False,True,False
CAL,CAL_LBL_POP_W405609.F02,UCSF,UCSF_B0574,0.4579736539902856,0.05222365030833864,False,False,True,False
CAL,CAL_LBL_POP_W405609.F04,UCSF,UCSF_B0627,0.21315231140639113,0.07377199102782639,False,False,True,False
CAL,CAL_LBL_POP_W405609.F07,UCSF,UCSF_B0667,0.42313225611003996,0.2363876364484846,False,True,False,False
CAL,CAL_LBL_POP_W405609.F10,UCSF,UCSF_B0672,0.4802058186341183,0.31580896675894393,False,True,True,False
CAL,CAL_LBL_POP_W405609.G01,UCSF,UCSF_B0694,0.47173507700742145,0.32893082385022865,False,True,False,False
CAL,CAL_LBL_POP_W405609.G02,UCSF,UCSF_B0772,0.2990644019353993,0.00447803051390544,False,False,True,False
CAL,CAL_LBL_POP_W405609.G03,UCSF,UCSF_S0001,0.4094025805725399,0.24761710976077178,False,True,True,False
CAL,CAL_LBL_POP_W405609.G04,UCSF,UCSF_S0004,0.4064382470812405,0.1090809685136439,False,False,True,False
CAL,CAL_LBL_POP_W405609.G06,UCSF,UCSF_S0013,0.47269903161758425,0.1569405049943558,False,False,True,False
CAL,CAL_LBL_POP_W405609.G07,UCSF,UCSF_S0018,0.3324947621609245,0.17859687544942238,False,False,True,False
CAL,CAL_LBL_POP_W405609.G08,UCSF,UCSF_S0019,0.41904140584143706,0.2601615659247332,False,True,True,False
CAL,CAL_LBL_POP_W405609.G10,UCSF,UCSF_S0026,0.40561399649396784,0.16172382566367893,False,False,True,False
CAL,CAL_LBL_POP_W405609.G11,UCSF,UCSF_S0033,0.3903711156297257,0.1364550508187803,False,False,True,False
CAL,CAL_LBL_POP_W405609.H01,UCSF,UCSF_S0035,0.3753519466088018,0.1637016564356221,False,False,True,False
CAL,CAL_LBL_POP_W405609.H02,UCSF,UCSF_S0037,0.41634339939351755,0.20682079432402578,False,True,True,False
CAL,CAL_LBL_POP_W405609.H03,UCSF,UCSF_S0040,0.4280393962860053,0.2627283762373374,False,True,True,False
CAL,CAL_LBL_POP_W405609.H06,UCSF,UCSF_S0047,0.4604755344513127,0.2173571522977159,False,True,True,False
CAL,CAL_LBL_POP_W405609.H07,UCSF,UCSF_S0050,0.4864549022540879,0.31507839167887897,False,True,True,False
CAL,CAL_LBL_POP_W405609.H08,UCSF,UCSF_S0055,0.4588977912972857,0.2903724820174131,False,True,False,False
CAL,CAL_LBL_POP_W405609.H09,UCSF,UCSF_S0059,0.28175229216704784,0.13492296816027516,False,False,True,False
CAL,CAL_LBL_POP_W405609.H10,UCSF,UCSF_S0060,0.2955655834742477,0.1364728168404464,False,False,True,False
CAL,CAL_LBL_POP_W405609.H11,UCSF,UCSF_S0067,0.40313037852256595,0.24535394296044902,False,True,True,False
GSE58644,GSM1415998,GSE58644,GSM1416042,0.758419874974251,0.3357876190126917,False,True,True,False
GSE58644,GSM1416000,GSE58644,GSM1416043,0.7276837942681955,0.3212605821207528,True,True,True,False
GSE58644,GSM1416061,GSE58644,GSM1416153,0.8843421972470267,0.5115717691059894,True,True,True,False
GSE58644,GSM1416074,GSE58644,GSM1416106,0.6264856171391044,0.3065988850499432,False,True,True,False
GSE58644,GSM1416084,GSE58644,GSM1416085,0.9220798312457703,0.6206601942335337,True,False,False,False
GSE58644,GSM1416122,GSE58644,GSM1416159,0.8051937164785629,0.24669252982597,False,True,False,False
METABRIC,MB_0210,METABRIC,MB_0502,0.9419534308042538,0.029610460188213006,True,False,False,False
METABRIC,MB_0228,METABRIC,MB_0578,0.7995860919678848,0.008488171285342072,True,False,False,False
METABRIC,MB_0546,METABRIC,MB_0326,0.7482312129436072,0.30311926851484905,True,True,True,False
METABRIC,MB_0327,METABRIC,MB_0547,0.7742303242812555,0.3085123539311424,True,True,True,False
METABRIC,MB_0549,METABRIC,MB_0329,0.7951545345032116,0.3293733840410759,False,True,True,False
METABRIC,MB_0330,METABRIC,MB_0552,0.7281607776598111,0.12468854230762094,False,False,True,False
METABRIC,MB_0559,METABRIC,MB_0335,0.8765298880904622,0.4411437186634057,True,True,True,False
METABRIC,MB_4250,METABRIC,MB_5471,0.6739740873422431,0.2646939643750962,True,False,False,False
METABRIC,MB_6101,METABRIC,MB_6122,0.6998091511668697,0.27958024623718214,True,False,False,False
METABRIC,MB_6105,METABRIC,MB_6116,0.7058317106378692,0.2658722256191692,True,False,False,False
METABRIC,MB_6107,METABRIC,MB_6114,0.7527052029677233,0.2162755359042049,True,False,False,False
METABRIC,MB_6108,METABRIC,MB_6113,0.7976343006936382,0.40215999457500834,True,False,False,False
METABRIC,MB_6206,METABRIC,MB_6213,0.9505983997348891,0.43390314992813184,True,False,False,False
METABRIC,MB_7232,TRANSBIG,TRANSBIG_VDXGUYU_4099,0.6527238887891045,0.1852673482263677,False,True,False,False
METABRIC,MB_7250,TRANSBIG,TRANSBIG_VDXGUYU_4098,0.4663584707216905,0.18758848328607824,False,True,False,False
TRANSBIG,TRANSBIG_VDXKIU_101B88,UPP,UPP_101B88,0.5052714096964248,0.1868179856027099,False,False,True,True
TRANSBIG,TRANSBIG_VDXKIU_136B04,UPP,UPP_136B04,0.3508669015679499,0.1962799893206695,False,False,True,True
TRANSBIG,TRANSBIG_VDXKIU_144B49,UPP,UPP_144B49,0.3087179073040699,0.14276228818105627,False,False,True,True
TRANSBIG,TRANSBIG_VDXKIU_197B95,UPP,UPP_197B95,0.3981063324126128,0.21400060440842109,False,True,True,True
TRANSBIG,TRANSBIG_VDXKIU_199B55,UPP,UPP_199B55,0.28273724343685697,0.09277222898043838,False,False,True,True
TRANSBIG,TRANSBIG_VDXKIU_220C70,UPP,UPP_220C70,0.24896290615566702,0.07270299223161203,False,False,True,True
TRANSBIG,TRANSBIG_VDXKIU_231C80,UPP,UPP_231C80,0.27280301135856044,0.1117728556227407,False,False,True,True
TRANSBIG,TRANSBIG_VDXKIU_247C76,UPP,UPP_247C76,0.43427289708241107,0.20286127439472743,False,True,True,True
TRANSBIG,TRANSBIG_VDXKIU_248C91,UPP,UPP_248C91,,,False,False,False,True
TRANSBIG,TRANSBIG_VDXKIU_266C51,UPP,UPP_266C51,0.2991703336336121,0.08661666284916625,False,False,True,True
TRANSBIG,TRANSBIG_VDXKIU_268C87,UPP,UPP_268C87,0.507270156227438,0.17074089216037425,False,False,True,True
TRANSBIG,TRANSBIG_VDXKIU_279C61,UPP,UPP_279C61,0.33609454237328296,0.11719891478006242,False,False,True,True
TRANSBIG,TRANSBIG_VDXKIU_282C51,UPP,UPP_282C51,0.20819940025262704,0.06679804549896459,False,False,True,True
TRANSBIG,TRANSBIG_VDXKIU_284C63,UPP,UPP_284C63,0.2800649696559637,0.12553368339702292,False,False,True,True
TRANSBIG,TRANSBIG_VDXKIU_28C76,UPP,UPP_28C76,0.1928825419589864,0.018127918828264228,False,False,True,True
TRANSBIG,TRANSBIG_VDXKIU_292C66,UPP,UPP_292C66,0.1923296653634604,0.07868445548224189,False,False,True,True
TRANSBIG,TRANSBIG_VDXKIU_309C49,UPP,UPP_309C49,,,False,False,False,True
TRANSBIG,TRANSBIG_VDXKIU_43C47,UPP,UPP_43C47,,,False,False,False,True
TRANSBIG,TRANSBIG_VDXKIU_87A79,UPP,UPP_87A79,0.31755821068637574,0.1526125891998278,False,False,True,True
