file,bytes,sha256,content_bytes,content_sha256
luad/TCGA-LUAD/raw/HiSeqV2.gz,30884695,5432e5a67fc4c4fd6ca22f76f18494756f0e8409a8969df3157935f39947aa00,85413141,64421a30147a689571f4cc537eb484b294e4325807e2b83031e7d918e07fe83c
luad/harmonized_clinical.csv,193620,b90ec9797089f25b17e8b0ebc2f4b4d919ff50f9b1f7ef11f56ae27658c72195,,
luad/GSE13213/expression_genes.csv.gz,5402442,8d4549fdd176100315055be9e469d4205432e213c623245ae94253434aecedc0,15377816,b715c8248e06486d0fa10e8b2d8d3bbd2e8431e104c848085b0209d4be3fe3a4
luad/GSE30219/expression_genes.csv.gz,16969872,0b388d7d4cf43b3b2e627b7f88cc83fc45437560015f0b469ccedd776e6dbd39,42765576,e453856a6413642bf53329a0e912fa42290e65d3568c1944279471c10dbf813e
luad/GSE31210/expression_genes.csv.gz,14192824,5b1790f204f47e62a4507074e9efae4a197474d377eee0576b5a4a991456771e,35373203,2163e82be6204ca33fa1ddfb862be2e0b74adaf7e3a69331610d341168bd2927
luad/GSE41271/expression_genes.csv.gz,10701973,5ffc3bde703be1733fe2223ca351e18c56fc93e5e27b67a454496ca7bde8fc47,33131101,b04ae6a96fa9366ab5eab5d3dbbc766b49af999ea7be62d90889c97c95b3fff7
luad/GSE50081/expression_genes.csv.gz,10041490,080a54d62a117c7247165026ba611f5a8aa8f9d2a59da9a2fff99a0af0d444c1,25234953,4bbfdfceb674fa949526f705a1f442957be41d14dc3a9397b8f167c935c36eaa
luad/GSE68465/expression_genes.csv.gz,16102330,dfcfadd46add7073622bae7edc9ed35a7aa105d43e37faca10bb0b8fb26dbb46,40490615,0aec30d943cea74835fadeaca53cc4fd9b0c2a291d222b6b37c8d5d8b3629100
luad/GSE72094/expression_genes.csv.gz,25537268,0a25f9897859f4b8ea7786b1a4fc60b945d9e8f202fa0152ce48013565563641,64032955,3252c25622d90a60f8df5a862a9ba94238f872b1d12c14958baa2e946496a945
